"","premature_death_raw_value","poor_or_fair_health_raw_value","poor_physical_health_days_raw_value","poor_mental_health_days_raw_value","low_birthweight_raw_value","adult_smoking_raw_value","adult_obesity_raw_value","food_environment_index_raw_value","physical_inactivity_raw_value","access_to_exercise_opportunities_raw_value","excessive_drinking_raw_value","alcohol_impaired_driving_deaths_raw_value","sexually_transmitted_infections_raw_value","teen_births_raw_value","uninsured_raw_value","primary_care_physicians_raw_value","dentists_raw_value","mental_health_providers_raw_value","preventable_hospital_stays_raw_value","mammography_screening_raw_value","flu_vaccinations_raw_value","high_school_completion_raw_value","some_college_raw_value","unemployment_raw_value","children_in_poverty_raw_value","income_inequality_raw_value","children_in_single_parent_households_raw_value","social_associations_raw_value","injury_deaths_raw_value","air_pollution_particulate_matter_raw_value","drinking_water_violations_raw_value","severe_housing_problems_raw_value","driving_alone_to_work_raw_value","long_commute_driving_alone_raw_value","life_expectancy_raw_value","premature_age_adjusted_mortality_raw_value","child_mortality_raw_value","infant_mortality_raw_value","frequent_physical_distress_raw_value","frequent_mental_distress_raw_value","diabetes_prevalence_raw_value","hiv_prevalence_raw_value","food_insecurity_raw_value","limited_access_to_healthy_foods_raw_value","drug_overdose_deaths_raw_value","insufficient_sleep_raw_value","uninsured_adults_raw_value","uninsured_children_raw_value","other_primary_care_providers_raw_value","high_school_graduation_raw_value","disconnected_youth_raw_value","reading_scores_raw_value","math_scores_raw_value","school_segregation_raw_value","school_funding_adequacy_raw_value","gender_pay_gap_raw_value","median_household_income_raw_value","living_wage_raw_value","children_eligible_for_free_or_reduced_price_lunch_raw_value","residential_segregation_black_white_raw_value","child_care_cost_burden_raw_value","child_care_centers_raw_value","homicides_raw_value","suicides_raw_value","firearm_fatalities_raw_value","motor_vehicle_crash_deaths_raw_value","juvenile_arrests_raw_value","voter_turnout_raw_value","census_participation_raw_value","traffic_volume_raw_value","homeownership_raw_value","severe_housing_cost_burden_raw_value","broadband_access_raw_value","population_raw_value","x_below_18_years_of_age_raw_value","x_65_and_older_raw_value","x_non_hispanic_black_raw_value","x_american_indian_or_alaska_native_raw_value","x_asian_raw_value","x_native_hawaiian_or_other_pacific_islander_raw_value","x_hispanic_raw_value","x_non_hispanic_white_raw_value","x_not_proficient_in_english_raw_value","x_female_raw_value","x_rural_raw_value"
"1","9317.1352843","0.161","3.5288063772","5.1709340862","0.0827415771","0.18","0.367","6.8","0.251","0.7651310259","0.1816353013","0.1833635539","510.7","20.180871493","0.0890779494","0.0006560402","0.0005949038","0.0019980866","3135","0.45","0.5","0.8999900929","0.6311070104","0.0299070247","0.154","4.3182778118","0.2406069878","11.785215513","90.214942993","8.8","0.2934782609","0.1215339811","0.786896635","0.322","75.632943731","452.74215237","61.88985143","6.970938061","0.106453062","0.1656588373","0.108","217","0.107","0.0865498861","33.661593413","0.3586139751","0.1015458739","0.0588861428","0.0012951781","0.88344555","0.0613586636","3.135542943","3.228965303","0.2508051821","-1414.6","0.7736034419","66768","","0.4432669178","68.300304953","0.2513592521","3.5608444004","7.4470330044","15.599913933","15.930772074","12.95395721","13.137118148","0.6147998228","","86.884938953","0.7011489315","0.1098881452","0.867291027","6833037","0.2297547928","0.1691309443","0.0988468232","0.0044390218","0.0282189311","0.0007554474","0.0792837797","0.7703857011","0.0135404395","0.5030777676","0.2882372602"
"2","9026.4812098","0.196","4.3163769098","5.6109528616","0.0666097353","0.227","0.395","8.2","0.292","0.5587980675","0.1573314226","0.1428571429","183.5","19.706078824","0.1297281127","0.0003893106","0.0003881557","0.0003881557","2442","0.39","0.41","0.8669987431","0.4964203529","0.0220197418","0.178","3.26499468","0.1031646701","14.460109563","66.590563166","9.1","1","0.1634692246","0.7553881428","0.212","76.591729833","409.69609041","93.148416477","9.3916755603","0.133","0.187","0.114","21.6","0.101","0.0474625398","16.732201121","0.353","0.1437473595","0.1059903879","0.0006654098","0.9474043716","0.1933333333","2.968854401","2.993922255","0.0319859785","-1667.160333","0.8546841547","60620","","0.362036156","","0.2478719894","2.7624309392","","7.5674905299","","16.873162031","9.7872340426","0.5877559462","0.752","34.809236756","0.8220908576","0.0803052928","0.7560936108","36068","0.310275036","0.1653820561","0.0062936675","0.0041588111","0.0041033603","0.0003327049","0.0472163691","0.9309637352","0.0102922257","0.4983919264","0.7084252562"
"3","9077.1760719","0.164","3.7688206628","5.2148765454","0.0890180064","0.175","0.384","7.5","0.241","0.8505176306","0.1681819886","0.3298969072","582.8","22.226458681","0.0976978761","0.0007385334","0.000689745","0.0023144777","2985","0.44","0.52","0.9011143499","0.6695551704","0.0286466717","0.142","4.0398014824","0.2561771729","11.013669302","87.919752286","8.9","1","0.1087082186","0.8055987558","0.197","76.019366808","425.45064924","67.14863948","7.3154087621","0.11","0.162","0.111","189.2","0.099","0.1208793369","32.953828122","0.333","0.1126815965","0.0642617319","0.002273604","0.9031664175","0.0607828378","3.106149185","3.066706815","0.1414413962","146.3695","0.7729050569","65967","","0.4880018835","56.147829539","0.2762138645","4.3057863726","10.503659976","14.589435384","15.856108711","10.427821275","26.789838337","0.6331473507","0.728","81.086053344","0.6948385865","0.1009669908","0.8943355478","391449","0.2511182811","0.1571366896","0.1140812724","0.0046340647","0.0547964103","0.0011878942","0.0837171637","0.7144506692","0.0208197607","0.5065794011","0.1291870995"
"4","8483.3645338","0.15","3.4119945024","4.513446551","0.078458362","0.164","0.364","7.6","0.24","0.7064397626","0.1627421641","0.1282051282","363.7","23.253156602","0.0865928335","0.0007881176","0.0007900407","0.001831458","2954","0.47","0.6","0.9182257575","0.6863313847","0.0236254199","0.133","4.1974758951","0.2108909378","10.548651106","84.959108916","6.9","0","0.1120553982","0.7680025744","0.212","76.890401571","413.82505412","59.040761279","7.593220339","0.103","0.154","0.1","87.8","0.104","0.1048615927","29.916115213","0.33","0.099673169","0.0559232941","0.0013526454","0.865119171","0.0821315082","3.113527848","3.240669777","0.0810051852","296.68975","0.7252482477","68910","","0.3995101912","47.247322581","0.3041938761","4.9580472921","2.5948953219","15.956159288","10.830481307","16.434337039","18.988764045","0.6352559607","0.717","66.638355622","0.7015225948","0.1084386594","0.8992768437","83540","0.2396097678","0.1715705051","0.0219535552","0.0050275317","0.0782738808","0.0010533876","0.0840435719","0.7946133589","0.0120282041","0.4946133589","0.3069409303"
"5","9747.4201686","0.193","4.2479628338","5.6280394293","0.07001321","0.228","0.413","8.1","0.299","0.4848033031","0.1583215928","0","309.8","16.78183613","0.1151320386","0.0002295157","0.0004587682","0.0004587682","2988","0.51","0.48","0.8856559469","0.6074400392","0.0241917251","0.144","3.7290506634","0.2136237257","6.8854716548","94.320090179","8.7","0","0.1135371179","0.8280933063","0.495","75.859727399","469.06447864","","","0.132","0.185","0.115","138.1","0.124","0.0110398681","","0.355","0.1278884462","0.0869179601","","0.925","","3.109259993","3.455380536","0.0194002804","1009.003","0.73713156","62248","","0.4947498456","","0.2550122092","1.7482517483","","26.519306983","","27.960526316","","0.640311284","0.656","10.353901732","0.7835232252","0.0816451811","0.850423605","8719","0.2420002294","0.1815575181","0.0095194403","0.0035554536","0.0027526092","0.0005734603","0.0625071683","0.9053790572","0.0094374311","0.4928317468","1"
"6","12327.048862","0.197","4.4788894325","5.6952980995","0.0719910011","0.24","0.409","7","0.319","0.4249504624","0.1471736486","0.4444444444","206.8","35.406264185","0.081839522","0.0006616492","0.0001677993","0.0003355986","1826","0.37","0.37","0.903941468","0.5581668625","0.0346193952","0.19","4.6108379229","0.2007532957","13.232983211","94.059156491","8.7","0","0.1038197845","0.7922506183","0.391","73.045068136","586.41105191","","","0.136","0.189","0.118","","0.144","0.0754380619","33.678538351","0.366","0.0942835932","0.0516618497","0.0004194983","0.875","","3.100925629","3.205086902","0.0068317291","-841.209","0.7935617816","54825","","0.462628866","51.005154639","0.252129503","6.4620355412","","","","17.860544866","","0.5791125541","0.648","40.140417923","0.756626506","0.1224793038","0.8393574297","11919","0.2214111922","0.2201526974","0.0091450625","0.0036076852","0.0062924742","0.0003355986","0.0223173085","0.9383337528","0","0.5078446178","0.4934775429"
"7","6676.6848232","0.116","3.0074140607","4.422194709","0.0659570756","0.131","0.343","9.2","0.204","0.8299299554","0.1820217807","0.1052631579","180.7","8.5111954956","0.0578325974","0.0021080874","0.0004854107","0.0014427485","2511","0.46","0.56","0.9499536413","0.8066778143","0.020176216","0.048","4.472797527","0.1422929238","10.814214532","71.987316243","10","0","0.0881099923","0.7450181778","0.396","78.009265331","335.32886945","46.040515654","4.2849491162","0.088","0.142","0.082","91.9","0.067","0.0246502842","31.39239543","0.32","0.0643274854","0.0440277212","0.0011056577","0.957737819","","3.525032338","3.675870475","0.0473175308","1777.6330667","0.7682898287","102805","","0.1604870814","40.723757051","0.2282573805","3.988477731","3.820739398","16.208478185","11.366418354","9.1273218952","17.34939759","0.8064482362","0.76","67.511934035","0.7993249008","0.0874144286","0.9280388738","74164","0.2509573378","0.1503290006","0.028234723","0.0033034896","0.0411655251","0.0004179926","0.0384822825","0.8736583787","0.0068985126","0.4982336444","0.2719171892"
"8","8709.0752618","0.147","3.5380972999","5.2320422064","0.0846774194","0.183","0.355","8.9","0.243","0.4854927302","0.1554561541","0.1052631579","186.5","12.756909993","0.0899255669","0.0003215021","0.0000642261","0.0008991651","2312","0.48","0.5","0.928847122","0.6330154554","0.0328324283","0.141","4.1119326158","0.2155009452","9.6450617284","96.021045709","8.3","0","0.1397174254","0.7807681525","0.573","77.470391207","390.8996039","","","0.108","0.167","0.094","94.4","0.09","0.0106109462","30.597080164","0.333","0.0972924391","0.0671641791","0.0003853565","0.925","","3.284411893","3.437459097","0.0292811757","1621.06","0.7040393427","74161","","0.4435912581","","0.2398430442","4.8859934853","","24.484815825","22.361065439","17.939082652","","0.726618123","0.602","5.4694587775","0.8560790274","0.0945136007","0.8685410334","15570","0.1649967887","0.2666024406","0.006807964","0.0048811818","0.0054592164","0.0001926782","0.0206807964","0.9475272961","0.0051747312","0.4971740527","1"
"9","6608.282165","0.162","3.8084745239","5.246525355","0.0701058201","0.193","0.402","9","0.261","0.618240914","0.1661556269","0.4285714286","234.8","18.116805721","0.0901248164","0.0000978282","0.0003891997","0.0007783994","2809","0.39","0.49","0.9031806081","0.5778599391","0.0287769784","0.126","3.6848140236","0.1540697674","12.228526707","76.165982492","9","1","0.08","0.8674889311","0.432","79.499226986","328.33385147","56.352459016","","0.114","0.171","0.098","28.8","0.086","0.0044185996","19.6950549","0.376","0.0982420725","0.0700596252","0.0007783994","0.9445876289","","3.245127882","3.273123645","0.0149348573","1574.9015","0.7567538362","64731","","0.4625250501","85.668157669","0.2577126879","2.7198549411","7.0961744524","13.433583173","11.870023245","14.90196635","11.904761905","0.6149611399","0.654","3.3742501949","0.7944019079","0.0592630765","0.7989205473","20555","0.2164923376","0.2072974945","0.0081731939","0.0046217465","0.0027730479","0.0002918998","0.0512770615","0.9261980054","0.0036278829","0.4882023838","0.9456810795"
"10","9045.6495475","0.197","4.1049335697","5.2755157011","0.0842558426","0.223","0.4","8.2","0.325","0.7404013731","0.1626664044","0.125","463.2","31.720160481","0.1123062112","0.000452573","0.000319659","0.0023974427","3217","0.46","0.44","0.8572196414","0.4410689813","0.0323842393","0.187","4.1343742607","0.278866588","11.447434976","90.143115452","8.7","0","0.1050167224","0.8268328118","0.242","75.607806979","449.78139678","95.37939805","10.147601476","0.129","0.177","0.117","94.7","0.112","0.0268531289","18.643465909","0.347","0.1301162897","0.0670878805","0.0011188066","0.9296551724","","2.956588372","2.993172244","0.1216505459","-1099.7232","0.7354881395","60452","","0.5203640161","86.486935384","0.2436643949","3.6297640653","","15.462259216","9.5445651655","15.87817658","12.75","0.5601916697","0.672","75.152290923","0.7474281897","0.0863608055","0.8111556446","37540","0.2243740011","0.1909962706","0.0197922216","0.0134256793","0.0203249867","0.0024507192","0.1767181673","0.7676611614","0.0301637138","0.4953915823","0.4620015844"
"11","11163.458511","0.16","3.7337716241","5.1787950737","0.0842662935","0.191","0.392","8.4","0.261","0.8757896823","0.1790057531","0.0983606557","435.9","21.583669224","0.0797762243","0.0003829295","0.0003863583","0.0024227887","3668","0.45","0.49","0.905244648","0.6298699339","0.0271545697","0.127","3.7436987458","0.2268829232","8.473333442","105.44212539","7.3","1","0.098278734","0.8077564228","0.3","73.818944504","538.38209392","49.997413927","6.6852923568","0.112","0.168","0.103","237","0.095","0.0446528382","47.737201157","0.383","0.0911298026","0.0501956361","0.0012556646","0.9345681063","0.0454120725","3.150430551","3.184797014","0.0910071479","-3164.8455","0.8378543896","68493","","0.407066213","45.795187282","0.2884820347","5.9009194456","4.6002559195","15.377166598","15.807910346","12.711233462","22.288135593","0.6539978527","0.724","89.740719985","0.744983697","0.0843162018","0.854255497","124237","0.2164975007","0.1701425501","0.0826404372","0.0046202017","0.0132810676","0.0012878611","0.0618253821","0.8123666863","0.0122244682","0.509002954","0.2133071276"
"12","8734.5331949","0.162","3.8184924592","5.5197343233","0.0838014981","0.203","0.411","8","0.269","0.5254288521","0.168914821","0.0714285714","318.1","31.833150384","0.0831149382","0.0004922378","0.0002274537","0.0004549073","3520","0.4","0.38","0.9144977356","0.5624134216","0.03342166","0.17","3.8897959184","0.2241969672","14.388489209","73.143414426","8.9","0","0.0774748924","0.8312079959","0.478","75.550084879","433.92026402","83.643829367","9.0950432015","0.116","0.176","0.1","86","0.108","0.0555562656","","0.343","0.0929414065","0.0593903017","0.0006065431","0.87","","3.392468507","3.60716784","0.0245783227","357.0957","0.7274472169","59057","","0.4686098655","","0.263118682","2.4953212726","","16.610859096","14.476300772","21.188627683","19.285714286","0.6118204489","0.673","47.978300664","0.7760506621","0.0585165111","0.8606793322","26379","0.22768111","0.1917434323","0.0083399674","0.0038667122","0.0038288032","0.0003032715","0.020508738","0.949012472","0.0014521399","0.5002843171","0.5999773294"
"13","9090.7335165","0.179","3.8953274601","4.9964759329","0.0795605859","0.2","0.375","8.8","0.288","0.6877372703","0.1679350102","0.1794871795","432.5","27.407987471","0.1212121212","0.0001512173","0.0004567183","0.0004871662","2393","0.44","0.51","0.8696648123","0.4716640907","0.0254178273","0.145","3.4455334824","0.1766900294","12.097383941","95.539241973","9.1","0","0.1004528613","0.8130139668","0.283","75.280849088","472.21049059","59.122302545","6.5941312232","0.121","0.173","0.109","103.8","0.094","0.0118053687","32.763386915","0.367","0.1400075476","0.0818041123","0.000274031","0.8872651357","","3.013865314","3.2821558","0.2213579336","-0.237725","0.8185362148","60916","","0.5326641435","","0.2732122923","4.3859649123","","22.717597943","13.560408538","21.117187191","13","0.5891264786","0.687","66.675640377","0.7269423356","0.0690591818","0.821595865","32843","0.2608470603","0.1676460737","0.008464513","0.0056024115","0.0054197241","0.0005176141","0.1782419389","0.7981304996","0.0334485232","0.5001370155","0.4945766797"
"14","10605.924038","0.211","4.4391037303","5.7026944784","0.102464332","0.252","0.427","7.4","0.325","0.7395971879","0.1494931088","0.1","171.2","30.129124821","0.1079694584","","","0.0006643888","2367","0.4","0.39","0.8565339017","0.4507227332","0.0347394541","0.245","4.8039357099","0.0775672102","3.8044512079","88.941033987","8.8","0","0.1105710814","0.7684038327","0.668","74.178213972","552.84210706","","","0.141","0.195","0.122","89.4","0.135","0.0549222467","47.288776797","0.358","0.1219233904","0.0715495343","0.0004745634","0.875","","3.124498413","3.580381398","","-3719.275","0.7309948427","53547","","0.6035767511","","0.2297981213","3.2626427406","","","","20.307042482","","0.601459854","0.507","2.9558138855","0.7938191882","0.1025641026","0.6623616236","10536","0.208428246","0.2095671982","0.0074031891","0.0051252847","0.002657555","0.0011389522","0.0187927107","0.9528283979","0.0011053055","0.4869020501","1"
"15","7369.1827015","0.198","4.3385420239","5.3176136482","0.0642392718","0.233","0.356","8.4","0.308","0.5171205177","0.1674567431","0.125","278.5","20.304568528","0.1978264743","0.0004191993","0.0002992399","0.0008677958","3071","0.42","0.36","0.7704657982","0.4441176471","0.02303596","0.136","4.4763937629","0.0900061438","14.07312034","65.460354447","9","0","0.1435490973","0.6883801642","0.255","76.491944705","417.07980326","44.679600235","","0.133","0.186","0.11","117.9","0.101","0.0265341995","","0.354","0.1905418068","0.2088717454","0.0013166557","0.9412660256","0.111665005","3.255894927","3.438041263","0.1214274556","-2132.951933","0.6929062118","63777","","0.4901917567","63.87665099","0.2535396773","2.6061057334","","10.397425623","6.6060908157","13.770074186","7.0454545455","0.5220087336","0.691","38.124012967","0.7031707737","0.0752853778","0.7929519214","33418","0.2942426237","0.159464959","0.0217846669","0.0078101622","0.0048476869","0.0012268837","0.060446466","0.8976599437","0.0183841473","0.4963791968","0.6129534765"
"16","8484.7039457","0.152","3.654267768","4.8139863181","0.0653487095","0.187","0.367","8.1","0.242","0.566427909","0.1688329514","0.1470588235","139.7","14.774018708","0.0729128691","0.0004526134","0.0002346592","0.0017990535","3424","0.46","0.53","0.9112090147","0.6620484488","0.0260822802","0.12","4.0189227222","0.1908029587","10.82336272","85.803525964","9.5","1","0.0879149378","0.8246286346","0.514","76.563848355","416.26478089","39.036817883","","0.109","0.166","0.096","44","0.092","0.0827755998","29.980412797","0.354","0.0813499349","0.0522482852","0.0008213071","0.9458714919","","3.311447769","3.513821105","0.0360510315","606.23186667","0.7855796263","77621","","0.2838538206","86.065068071","0.219244792","3.4207525656","3.1591674732","24.297537389","12.028531677","12.34947285","22.592592593","0.6637813808","0.741","35.501547648","0.831584233","0.0761875386","0.8772282199","51138","0.2178419179","0.1926160585","0.007509093","0.002503031","0.0048300677","0.0007430873","0.0159372678","0.957096484","0.0017073374","0.4972623098","0.6021034353"
"17","9977.2764641","0.155","3.6353188404","5.2560634867","0.0670785525","0.19","0.403","8.3","0.256","0.550695074","0.1779625714","0.125","315.3","27.191352812","0.0727197461","0.0006079027","0.0003785584","0.0004164143","2643","0.43","0.31","0.9115479115","0.6339889851","0.0255936495","0.136","3.817298083","0.1320422535","14.43768997","63.160744094","8.7","1","0.080078125","0.807765512","0.291","74.462800446","466.26742617","68.466001225","","0.111","0.17","0.098","86.6","0.098","0.0425178348","36.494972503","0.342","0.0818829876","0.0516178737","0.0009085403","0.975","0.1653878943","3.465304017","3.589222106","0.0226861838","1617.6905","0.7626965238","65847","","0.4257871064","","0.2440657889","3.5398230088","","11.036185439","","14.507315448","16.896551724","0.6175923599","0.697","48.621813566","0.736433356","0.0756386045","0.8625376177","26416","0.233154149","0.1769382193","0.0068897638","0.0030663234","0.0147637795","0.000492126","0.0249848577","0.9407556027","0.0000403372","0.4970472441","0.5267074645"
"18","8707.9907486","0.162","3.7440456123","5.5877187745","0.0686327078","0.203","0.376","8","0.277","0.6135906622","0.1896683873","0.1818181818","339.2","23.859355379","0.0844948947","0.000461542","0.0004344744","0.0006402781","2497","0.42","0.48","0.9135428026","0.52752251","0.0264573792","0.117","3.6465721404","0.1710275019","14.077031362","70.194883162","8.8","0","0.0807453416","0.8454369116","0.252","75.930070596","429.06455454","69.913263857","","0.114","0.174","0.099","64","0.093","0.0884951706","22.225969129","0.323","0.0950646298","0.0597165066","0.0007774805","0.9317877095","0.0770288858","2.921149018","3.13302526","0.0363461792","4886.790925","0.7044173095","72910","","0.4058075701","","0.2117679331","6.1683599419","","12.829539833","10.621594163","11.594202899","8.3333333333","0.6027329955","0.743","47.817709819","0.8151681093","0.0692578661","0.8281222399","43731","0.2397155336","0.1731494821","0.0060826416","0.0035672635","0.005259427","0.0006860122","0.0321968398","0.9419404999","0.0018297809","0.4998056299","0.5297353519"
"19","11991.394258","0.184","4.1197599539","5.7683240593","0.0837033168","0.217","0.389","6.6","0.259","0.7774679857","0.1598337963","0.0975609756","579.2","14.052992059","0.0837821454","0.001144175","0.0006516054","0.0032491007","3930","0.43","0.54","0.9066786694","0.6466558573","0.0353328811","0.205","4.6094543147","0.2738853503","13.050745948","116.08384731","8.3","1","0.159339481","0.7759539544","0.23","73.148563357","577.82600593","65.224886089","8.3322650942","0.128","0.179","0.113","137.2","0.136","0.1283463617","56.855005008","0.356","0.0970565559","0.0407500727","0.0014013978","0.912979798","0.0482436639","3.060588498","3.197779837","0.12786235","584.95634171","0.821287158","54059","","0.4886706464","50.876346267","0.30677593","8.2012028431","6.3601252571","17.188726397","13.171389634","13.842625559","11.397849462","0.5230193184","0.651","67.919931549","0.6557767716","0.1437326157","0.8589874131","112031","0.1779864502","0.1766118307","0.0717747766","0.0032044702","0.0142192786","0.0006516054","0.0284742616","0.8579411056","0.0018434646","0.5161250011","0.2305925668"
"20","6326.278188","0.152","3.5967694141","5.0247017769","0.0751900109","0.182","0.388","8.6","0.254","0.7529161033","0.1593139621","0.1764705882","236.5","17.331764202","0.0813306062","0.0007577671","0.0007792446","0.0013751375","1999","0.46","0.5","0.8988428518","0.6112544661","0.0223633477","0.098","3.8622685902","0.2048955675","12.399825484","67.305445197","8.4","0","0.079089275","0.8715120914","0.151","78.085957207","340.5298204","44.05868617","6.6172578084","0.109","0.165","0.097","61","0.088","0.0365633058","11.643521933","0.343","0.0908428762","0.0605179464","0.0010542721","0.9152994555","","3.351329322","3.679787525","0.1247142999","916.24775","0.6860099829","71171","","0.3419354839","65.824694064","0.2136263366","4.1637751561","","17.459790752","9.8153774246","9.0312179099","12.978723404","0.7019184266","0.776","42.407148923","0.7746745426","0.0857963875","0.8395939669","43632","0.2406719839","0.1904794646","0.0079299597","0.0035066007","0.0074028236","0.001650165","0.0913091309","0.8856114778","0.0158854677","0.4953703704","0.4759951417"
"21","8086.4196344","0.188","3.9191973593","5.3631912511","0.0696761995","0.195","0.382","8","0.298","0.734693089","0.1506072027","0.2061068702","501.6","28.162065087","0.1325372687","0.000488109","0.0004108463","0.0016965537","2333","0.42","0.5","0.8217311009","0.4584785648","0.0250355906","0.163","4.1699059344","0.255664405","12.710164749","63.785478852","8.2","0","0.1249309011","0.7480954538","0.215","77.025730271","405.4305109","67.633241536","8.5150182465","0.122","0.173","0.109","124","0.092","0.0871840406","14.852532115","0.349","0.1524774717","0.0919651665","0.0010537","0.891824437","0.0779112446","2.94862594","3.059345864","0.1407783427","-702.2072714","0.7250975246","63777","","0.4441288746","56.690407339","0.2921899744","2.9874009612","5.4269552694","12.345347116","10.873628054","13.149930076","6.5625","0.5354664555","0.703","78.194503757","0.7124360636","0.10764345","0.8704826414","206890","0.269283194","0.1575716564","0.0546183962","0.0068828846","0.0130600802","0.0009280294","0.1812799072","0.727526705","0.0221257162","0.5025810817","0.2325752124"
"22","13740.992435","0.199","4.4374065545","5.6846941116","0.0743847875","0.237","0.408","6.9","0.311","0.690956492","0.1573633957","0.0833333333","282.5","37.916583516","0.084164859","0.0004280822","0.0003426271","0.0010278813","3989","0.39","0.44","0.8521376945","0.5009549274","0.0441106342","0.188","4.476895291","0.3383709519","12.414383562","150.50601159","8.8","0","0.1208053691","0.8397899534","0.368","71.781003603","617.34348457","76.631806708","11.764705882","0.135","0.19","0.112","70.6","0.146","0.0772968991","87.954552009","0.352","0.095391051","0.0557641757","0.0006852542","0.91","","2.889248946","2.845228537","0.0216695874","72.69043","0.7839332055","54892","","0.608774584","52.776237467","0.2741018728","4.7885075818","","19.606732139","11.244702015","20.939183988","21.25","0.567048951","0.681","69.326000155","0.6950992556","0.110018176","0.8239247312","23349","0.2181678016","0.2084885862","0.0145616515","0.0039402116","0.0040258683","0.0000856568","0.0162319585","0.9503190715","0.0043871551","0.5036618271","0.3845200444"
"23","9502.034996","0.151","3.6553525103","5.1335354962","0.0834170854","0.174","0.368","8.3","0.241","0.8458948362","0.1701604543","0.3333333333","359.2","16.485443704","0.0753817225","0.0005593258","0.0008548703","0.0015982357","2510","0.49","0.51","0.9237413445","0.6656997825","0.0247699929","0.134","4.1189971238","0.25954156","10.316454123","91.912700757","10","0","0.0886724757","0.8007604758","0.288","75.003363846","468.95249388","49.689124452","4.78784877","0.108","0.166","0.094","158","0.092","0.0546463782","47.496553347","0.349","0.083357513","0.0560171396","0.0018460242","0.9193273543","","3.217524724","3.521411339","0.1084454472","-23.66016","0.7673212932","74264","","0.3001694915","53.323102619","0.2503904988","6.6122988759","4.2083537652","13.75419003","12.730290964","10.246426559","26.385542169","0.7017290583","0.754","133.43027243","0.7436511274","0.0817309278","0.8510562583","80714","0.2231087544","0.1763758456","0.054971876","0.0040017841","0.0137522611","0.0005203558","0.0406744803","0.8644720866","0.0056033514","0.5111257031","0.3405148849"
"24","10889.047254","0.172","4.0248571748","5.4340087281","0.0758725341","0.209","0.38","8.1","0.271","0.5169002973","0.163492055","0.1","493.1","25.312686123","0.0787203176","0.0002435016","0.0003620128","0.000905032","3500","0.44","0.42","0.8887644322","0.5856236786","0.0275870678","0.163","4.0916212397","0.216755693","15.21884702","91.30752374","8.9","1","0.0881088825","0.7888726597","0.439","73.739572174","538.67016556","64.045087742","","0.121","0.179","0.106","35.9","0.114","0.0284976087","32.46489733","0.343","0.0889423077","0.0526031832","0.0003620128","0.9377604167","","3.345254798","3.300848008","0.0212622194","106.62433333","0.7411914045","63973","","0.426655831","","0.2444312444","3.1315240084","","17.507959993","","13.01891214","","0.6290665616","0.667","14.563098966","0.742228739","0.0799937869","0.8576246334","16574","0.2134065404","0.2036925305","0.0064558948","0.0041028116","0.0053095209","0.0008446965","0.0304694099","0.9421382889","0.0037409701","0.4989742971","1"
"25","9760.5263032","0.155","3.5871820831","5.0796024798","0.0681063123","0.196","0.344","8.7","0.251","0.4295369761","0.1697722091","0.2105263158","83.2","18.041759578","0.0792769248","0.0007004641","0.0006948063","0.0003039778","3324","0.46","0.49","0.8953392778","0.5899481452","0.0265494505","0.116","3.9261079233","0.1444167784","5.2534804308","98.490977523","9.1","0","0.0721940214","0.8099384345","0.512","76.23065632","435.76331741","48.106358786","","0.111","0.169","0.095","31.2","0.085","0.0317593911","35.107736868","0.339","0.0862982589","0.0627530364","0.0004776793","0.975","","3.115594082","3.248876527","0.0630276432","2396.6565","0.7635803442","74779","","0.3430722892","","0.1959239894","0.7552870091","","21.333745187","16.70829083","13.182425943","","0.6946454414","0.689","20.846899428","0.8137254902","0.0758085082","0.8182932264","23028","0.2239013375","0.1984540559","0.0042991141","0.0030397777","0.0072954664","0.0001737016","0.0135487233","0.9638700712","0.0091602344","0.4970904985","0.8886109282"
"26","10793.402898","0.173","3.919544548","5.1138803556","0.0846824408","0.208","0.359","8","0.274","0.3935546875","0.1635663875","0.1363636364","186.4","26.099224077","0.1061196708","0.0004905327","0.0004427609","0.0008363261","2135","0.42","0.34","0.8731930728","0.5342582711","0.0304011701","0.169","4.2563351807","0.1745409532","17.659177867","87.536929642","8.5","0","0.0994897959","0.8055107217","0.365","74.357188501","543.84942087","92.210628488","12.055455093","0.121","0.176","0.106","88.1","0.116","0.0421126117","36.437112856","0.348","0.120645784","0.0726872247","0.0005903478","0.931969697","","2.933535394","2.986883777","0.0373704043","697.78175","0.8005371187","62412","","0.5022960085","","0.2511856694","2.4549918167","","17.448998148","10.942116205","24.116382826","15","0.6140986908","0.655","34.002323634","0.779830639","0.1207145672","0.8559148063","20327","0.2333841688","0.2047522999","0.0085108476","0.0096915433","0.0070349781","0.0002951739","0.0546563684","0.913710828","0.0071421124","0.4938259458","0.6419433594"
"27","7445.9756723","0.162","3.8101634754","5.5492872275","0.0781364637","0.199","0.367","8.5","0.257","0.6738965799","0.16316403","0.1764705882","328","24.037109924","0.0714605735","0.0003948487","0.0005758797","0.000394023","2451","0.54","0.54","0.9061426596","0.5993907083","0.0224573311","0.121","3.7161229015","0.1761500444","14.882760296","84.808523854","8.9","0","0.0992619926","0.8382861535","0.287","76.862423525","394.98129683","46.01403428","","0.115","0.174","0.1","58.4","0.103","0.0161022357","9.9593657876","0.32","0.081300813","0.0491683865","0.0008183554","0.9213013699","","3.111033964","3.114575667","0.0555696413","-2644.356","0.7300852619","66247","","0.3511289302","70.058061605","0.2434827237","4.8804294778","","19.334795745","15.528321269","19.58163413","12.702702703","0.6380181603","0.693","39.199554029","0.7605948528","0.0791969649","0.8560641085","32993","0.2361106901","0.1802503561","0.0265510866","0.0038493014","0.0065468433","0.0007577365","0.0218531204","0.9206801443","0.0045803497","0.4908616979","0.7472660628"
"28","13418.266469","0.189","4.1917416707","5.8713811586","0.097452721","0.225","0.397","7","0.298","0.734709182","0.1600029186","0.1272727273","590.1","24.524197934","0.0824568185","0.0004225586","0.0006361516","0.0029535609","3841","0.44","0.45","0.885834184","0.5762311593","0.0325562321","0.292","4.2297424174","0.2510017172","15.393205861","119.50837772","8.7","0","0.1204684886","0.7505320819","0.252","71.911292969","619.90214414","99.341290825","8.5681645088","0.128","0.186","0.111","126","0.139","0.082507345","48.667474412","0.347","0.096991863","0.0464108911","0.0009996668","0.925210396","0.0485939258","2.955795196","2.943671805","0.133168257","-527.0084713","0.8028391479","51053","","0.5499798874","62.411485936","0.2989638219","5.0788559209","6.8876452863","20.349261769","17.895924582","16.358157555","","0.524406256","0.646","58.990581837","0.7203013183","0.1194721546","0.8416195857","66022","0.2117324528","0.19682833","0.0741268062","0.0046802581","0.0088303899","0.0004846869","0.0502862682","0.8366453606","0.0037465126","0.5170094817","0.3856525782"
"29","10144.083121","0.176","4.0353360016","5.4912843728","0.089254766","0.215","0.372","7.6","0.277","0.4525857871","0.1649846745","0.2222222222","321.6","25.476711472","0.0949936861","0.0002923407","0.0004515255","0.0007095401","3743","0.39","0.37","0.8826772371","0.5809029725","0.0378710338","0.177","4.1255655211","0.2478851964","15.916325603","87.369731102","7.7","0","0.1347190146","0.8094770995","0.442","74.709622144","481.88447231","76.166506607","","0.124","0.181","0.106","88","0.122","0.0597164806","18.965135759","0.363","0.1062266986","0.0657648583","0.0005805328","0.9032876712","","3.283335397","3.318044142","0.0321999523","-1164.47762","0.8441234967","61663","","0.4798832604","","0.2366410976","2.9779630733","","16.364786137","16.342539631","21.899832846","17.878787879","0.5905332534","0.609","24.038558645","0.7542513644","0.0967688484","0.7853357589","31006","0.2135070631","0.2029284655","0.0037412114","0.0042894924","0.0044830033","0.0002902664","0.0215119654","0.9557827517","0.0048160672","0.4935496356","0.8280037659"
"30","4661.1511078","0.097","2.5190698913","4.222720591","0.0660128253","0.102","0.285","9","0.165","0.9223178028","0.1740571219","0.2093023256","208","4.1468545926","0.0509901439","0.0013879153","0.0007426265","0.0018469751","2105","0.53","0.6","0.9715956703","0.8720337625","0.0212891901","0.04","3.8638453292","0.1301570519","9.7855039955","45.66582306","10.2","0","0.0835330923","0.7412674651","0.434","80.998849805","227.79434979","36.411598749","5.0569854329","0.075","0.129","0.081","95.4","0.06","0.0548372815","12.705758693","0.27","0.0573918726","0.0372390153","0.0011618953","0.9399545079","0.0431692004","3.61192275","3.81314275","0.0490689201","3049.7022667","0.6841673765","117068","","0.1578374691","39.944897932","0.2378446715","3.6953877818","1.4231486776","11.470102145","8.093425303","5.1750861005","6.0138248848","0.8445387663","0.765","85.744671039","0.7630656113","0.073950549","0.9563002412","364921","0.2501692147","0.1396082988","0.0491613253","0.0023128294","0.0725389879","0.0006576766","0.0485776374","0.807161002","0.0131377838","0.506345209","0.0574068904"
"31","6739.0279919","0.132","3.4376495625","4.4317889634","0.0647857889","0.157","0.327","8.4","0.215","0.6934368737","0.1691376378","0.2448979592","240.9","9.4521267285","0.0662608082","0.0008314076","0.0003370651","0.0011315758","2495","0.52","0.57","0.9332588763","0.7508532423","0.0257150843","0.051","3.5446606261","0.1441514318","8.1918106347","70.10433777","9.7","0","0.0764556962","0.7836050594","0.426","77.863455268","357.05196745","33.584595865","4.0478704681","0.099","0.154","0.087","93.4","0.073","0.0845324951","25.05114609","0.326","0.0734801438","0.0494673136","0.0006380161","0.9406456173","","3.401305252","3.633312066","0.0668162191","1382.207","0.7597702476","87845","","0.2677437969","59.363263964","0.2374978656","3.521901827","2.2342915341","13.640870246","12.025196625","12.66098536","5.8620689655","0.7397172901","0.773","44.943678992","0.8042260692","0.0666666667","0.9127418534","83070","0.2277958348","0.1733237029","0.0401468641","0.0036716023","0.0121584206","0.0005055977","0.0337546647","0.8932466594","0.00480674","0.5039725533","0.276753507"
"32","10699.33153","0.162","3.8715173662","5.2870337648","0.0816048963","0.197","0.379","8.9","0.258","0.4152418419","0.1766715907","0.0217391304","216.3","19.265502709","0.0772811918","0.0004778552","0.0004014956","0.0004014956","2875","0.49","0.5","0.9021894166","0.5468993456","0.0249780894","0.101","3.6553385225","0.1595224559","7.5450818641","96.418595867","9.5","0","0.0715514276","0.8231217078","0.553","74.767600893","492.4017344","58.742401798","","0.116","0.175","0.099","71.3","0.094","0.0001684971","40.509929066","0.339","0.0845328337","0.0593358737","0.0007026172","0.9449771167","","3.271890432","3.434102558","0.0441226785","1134.3012","0.7537049994","72259","","0.4154103853","53.33606509","0.2311407576","7.4592074592","3.563664873","18.442370005","18.389113645","21.02562275","16.19047619","0.6543573161","0.738","9.1005300219","0.8321915485","0.0530960854","0.7953605101","39851","0.2181626559","0.1968332037","0.0076033224","0.0033876189","0.0061729944","0.0006273368","0.0221324434","0.9472535194","0.0018908123","0.4953953477","0.8563574923"
"33","5961.7652079","0.126","3.0570225932","4.8108414109","0.0667704408","0.145","0.338","8.8","0.218","0.7712028286","0.1800851072","0.1475409836","268.2","7.525083612","0.0586999019","0.0004850715","0.0004656667","0.0012983882","2518","0.52","0.56","0.9347713736","0.7299517317","0.0240264773","0.055","3.2421065317","0.1341797419","8.4190571771","66.423698851","10.2","1","0.0800099494","0.7888418924","0.414","78.766107049","298.61042257","33.374423349","5.2334274796","0.09","0.143","0.09","128.3","0.064","0.0697747122","24.286837108","0.35","0.0652951615","0.044428371","0.0010354235","0.9668961772","0.0288","3.698118106","3.793050962","0.0573313214","1777.2579667","0.7407657658","94760","","0.2704343472","46.91082103","0.264489236","3.5354060518","2.473531085","14.010209959","11.129191166","7.3352990798","7.1634615385","0.724975426","0.77","64.733956352","0.7762681863","0.0734518277","0.9275344316","182534","0.2414782999","0.1510348757","0.1047256949","0.0034404549","0.0356810238","0.0007231529","0.0500509494","0.787042414","0.0123638203","0.4972333921","0.1524074879"
"34","10331.677477","0.169","3.8866423501","5.1792276411","0.0797280593","0.205","0.381","7.7","0.272","0.7745635196","0.1676484278","0.0731707317","261.6","22.561939905","0.0729575994","0.0004087054","0.0003679853","0.0010835122","4151","0.39","0.36","0.9112949393","0.5341362126","0.0315260774","0.163","3.9519025305","0.1981046476","13.282926331","93.095615403","7.7","0","0.0984498232","0.8196241757","0.355","74.207317736","533.98710661","55.328860917","6.1443932412","0.12","0.174","0.105","118.8","0.119","0.0655621321","24.147923279","0.362","0.0856971109","0.0401859204","0.0011039558","0.9338789683","0.1448999047","3.287947079","3.390307938","0.0490265277","-1546.65292","0.7882774203","54714","","0.4659482113","74.550796189","0.2836385569","4.0749796251","4.4222610726","17.69039723","15.722815046","18.2786791","","0.5521134156","0.679","40.308378995","0.7529785972","0.0875960847","0.8447894765","48915","0.20186037","0.1982009609","0.0273740162","0.0022487989","0.0047838086","0.0003475417","0.0226924256","0.9287130737","0.0015922539","0.472615762","0.6206607515"
"35","12296.78424","0.165","3.8780003248","4.9905326794","0.088714455","0.197","0.419","7.2","0.271","0.7329364795","0.1631647311","0.3333333333","608.2","27.860696517","0.0721663373","0.0005496672","0.0008974083","0.0022614689","3214","0.45","0.45","0.9129319163","0.6010486663","0.0499836558","0.212","3.9989923208","0.2928179709","14.578130415","117.96215542","7.3","0","0.1019347387","0.8145675266","0.22","72.962579111","573.86517907","64.378985727","6.5779856746","0.118","0.172","0.108","175.7","0.122","0.1043910313","46.593268879","0.352","0.0835405999","0.0449229534","0.001376026","0.9233902977","0.0372379778","3.0000100613","3.123296374","0.0916174641","512.19618","0.7436331345","56960","","0.4320328901","47.470572376","0.295997191","5.401080216","6.5651260504","18.07921442","14.503543699","19.522611676","12.738095238","0.6443581001","0.679","64.213366378","0.7166518866","0.0935582822","0.8648625454","83574","0.2262306459","0.2008280087","0.0793308924","0.005013521","0.0135688133","0.0006222031","0.0409218178","0.8342546725","0.003105432","0.512886783","0.2566042698"
"36","8671.3456406","0.161","3.8043076695","5.1818566369","0.0898328691","0.195","0.379","7.7","0.244","0.757405488","0.1613130693","0.1875","258.7","21.452949781","0.0833788769","0.0005447068","0.0004072324","0.0011402509","2937","0.47","0.49","0.9257142857","0.6203184571","0.0264372184","0.141","3.6491175887","0.2022828155","16.613557753","85.615968476","8.8","1","0.0963488844","0.8297654875","0.324","75.420733059","442.32519721","56.175041429","","0.116","0.172","0.101","99.7","0.101","0.097390588","34.661412726","0.353","0.0936170213","0.0571497468","0.0007058696","0.89","","3.193402713","3.101054633","0.0192548692","1315.14","0.748544078","59491","","0.4229383507","62.041443971","0.2658385302","5.3606237817","","15.184538941","10.976406215","15.279796583","12.432432432","0.6315621679","0.71","48.189190118","0.7558193208","0.0793390687","0.8292779426","36834","0.2161861324","0.1861323777","0.0083075419","0.0059727426","0.0070586958","0.0007601672","0.030488136","0.9381278167","0.0069308074","0.5005429766","0.5211663303"
"37","9203.7231443","0.177","3.9077613238","5.0945780102","0.0670816044","0.203","0.408","7.4","0.272","0.7394891014","0.1671394572","0.1228070175","316.9","40.220152413","0.1059804773","0.0006729329","0.0006263499","0.0008855292","1568","0.43","0.51","0.9003364439","0.5540107853","0.0273180206","0.123","4.0652532391","0.1834057184","12.156207263","103.81322607","8.5","0","0.1137370753","0.8274515147","0.303","74.991565505","464.98002916","58.818586673","5.8302238806","0.121","0.173","0.109","144.5","0.113","0.0981248236","37.169194172","0.346","0.1212787362","0.0704213315","0.0013822894","0.8364980916","","2.893833184","3.114268582","0.1552652887","-3228.288288","0.8294096143","66082","","0.5306482235","77.855298147","0.2700584123","7.2236180905","3.5415667247","18.515422166","12.134013437","20.283518514","","0.6032612104","0.697","69.822376506","0.731193809","0.0821010292","0.8034027541","46300","0.2438660907","0.1766738661","0.0130021598","0.0069114471","0.0282937365","0.00174946","0.0924406048","0.853174946","0.0269012617","0.4934341253","0.4777504954"
"38","8683.1842759","0.155","3.6928115364","5.0106541297","0.0782575173","0.194","0.346","8.4","0.253","0.594082265","0.1804202314","0.0857142857","302.2","16.224919495","0.0871117187","0.0002417576","0.0003605661","0.0005708963","2870","0.41","0.43","0.9290795714","0.5773338359","0.033187226","0.131","3.9266829459","0.1333771353","12.390075851","92.265292673","8.9","1","0.0903353057","0.8366280239","0.487","75.974173586","434.56689131","52.333187963","8.7819778541","0.111","0.17","0.099","92.9","0.097","0.0351260053","27.973984195","0.373","0.0974067046","0.0628299215","0.0009014152","0.9284401114","","3.56663692","3.450652737","0.0177345045","1784.029","0.7241256852","75738","","0.3995205753","75.022158587","0.2358921545","1.6277807922","","14.751013453","10.784254988","17.107688623","15.135135135","0.6119019375","0.74","14.570538251","0.8112952047","0.0578977412","0.8854548351","33281","0.2267359755","0.1888164418","0.006219765","0.0041164628","0.0047174063","0.000510802","0.0686878399","0.9072443737","0.0061174813","0.4986929479","0.8326447536"
"39","10888.665087","0.191","4.2176955535","5.6951150781","0.0856164384","0.228","0.382","7.2","0.297","0.4919425725","0.1654385666","0","296.3","29.838022165","0.0852009744","0.0002963256","0.0002475493","0.0008911773","1510","0.44","0.49","0.8749816041","0.4965836456","0.026890189","0.206","3.6847109913","0.1908793535","13.828526274","125.47539612","9.1","0","0.1018685955","0.7706244303","0.263","74.19456805","505.3725115","70.618351944","10.648596321","0.131","0.187","0.111","72.4","0.117","0.1117205103","45.826513912","0.358","0.0993848858","0.0544732362","0.0006436281","0.83","","3.303879138","3.35098188","0.0451625002","-4429.279","0.8033780765","57690","","0.5177613941","","0.2635465419","2.1443888492","","24.065753536","11.672129872","26.211234963","3.9130434783","0.5499512512","0.681","26.326693452","0.7659127426","0.0875196232","0.7905079718","20198","0.252005149","0.1901673433","0.0058421626","0.0026240222","0.0042083375","0.0004950985","0.0366868007","0.9394989603","0.0041100221","0.49663333","0.6892274636"
"40","9194.6929668","0.172","3.9230538169","5.5648470929","0.0815841584","0.213","0.392","8","0.284","0.6943011434","0.1669334952","0.1111111111","316.8","25.589310475","0.0816789338","0.0006034821","0.000607054","0.0012444606","3379","0.46","0.52","0.8785430349","0.5027308838","0.0279211327","0.145","4.2441281962","0.2320266384","11.767900788","101.94246738","8.7","0","0.1133619011","0.8290298658","0.281","75.000743915","473.35453686","76.42719479","","0.119","0.18","0.102","123.2","0.123","0.0270696708","26.650539673","0.373","0.0899903236","0.0590389686","0.0011534025","0.8132211538","","3.145416445","3.2414017","0.0290209952","764.5547","0.7958052865","64214","","0.4829049164","41.14776594","0.2450555954","3.884572697","","17.293052057","12.356662713","22.938815122","6.5517241379","0.5797633136","0.666","40.552853403","0.6996121024","0.0920092971","0.8027152832","32946","0.1979602987","0.1952589085","0.0197899593","0.0041886724","0.0091361622","0.0013658714","0.0330237358","0.9203848722","0.0042796461","0.5138408304","0.4736476906"
"41","10981.819723","0.173","4.0603772245","5.7014739832","0.0717131474","0.21","0.382","7.3","0.28","0.3524064752","0.1772235388","0.1538461538","280.9","37.905830359","0.0786298343","0.0004378124","0.0002542127","0.001125799","2596","0.4","0.45","0.8881295342","0.5051685393","0.0326246334","0.165","3.7755926193","0.2613547069","5.4726549673","110.95318211","8.5","1","0.0983758701","0.8323404922","0.335","73.651685314","548.20922897","68.409303665","","0.122","0.18","0.106","34.8","0.116","0.1017277469","38.713267763","0.364","0.0901709402","0.049458098","0.0006173736","0.81","","3.054485145","3.237170622","0.0329818024","717.7529","0.7721338629","63597","","0.5625155357","56.20227195","0.270688869","1.806140879","","25.618355433","21.030341707","24.283005513","","0.5822718631","0.65","44.167894209","0.8095784342","0.0881188119","0.8471465443","27536","0.2304619407","0.1712303893","0.0078442766","0.0037042417","0.0037042417","0.000762638","0.03199448","0.9391705404","0.0042333744","0.4925188844","0.7488139644"
"42","7220.8019961","0.14","3.4334971618","4.9493418835","0.0734649965","0.165","0.393","8.5","0.237","0.8272988595","0.1719942597","0.0612244898","326.2","14.483231446","0.0757182235","0.0008034182","0.000675586","0.0012727558","2863","0.46","0.54","0.9255569827","0.6874021188","0.0237794951","0.088","3.8372415598","0.1550405326","8.5819669138","70.474562339","9.8","0","0.0972006221","0.7974362135","0.424","76.872061084","372.8231109","49.547659019","5.7803468208","0.101","0.161","0.095","121.9","0.082","0.0584012033","31.258280339","0.321","0.0870668995","0.0497744072","0.0013270439","0.929467425","0.0662779629","3.38323719","3.467450798","0.0643276418","260.92161667","0.7743708997","83036","","0.3339330047","53.277221426","0.2742906691","2.7154782259","2.2835033325","15.514325028","11.598675734","7.4898909307","11.978021978","0.6785679941","0.759","72.929637948","0.7401201181","0.1067853357","0.9059129973","165782","0.2403517873","0.1578217177","0.0321204956","0.003353802","0.0559529985","0.0009168667","0.0406316729","0.8497424328","0.0077773257","0.5023343909","0.127345223"
"43","10624.900069","0.175","4.0638834345","5.1478651508","0.0907816334","0.217","0.399","7.9","0.292","0.6201146574","0.1593959116","0.2258064516","392.1","23.207670516","0.0889686099","0.000723106","0.0005029478","0.0021514991","3010","0.45","0.51","0.8906314657","0.5635573308","0.0265268014","0.176","4.7191187392","0.2291009464","17.243297363","91.565608394","9","0","0.1320381956","0.8557545624","0.231","73.923057101","540.98583144","56.322918064","7.5368276807","0.124","0.177","0.106","101.6","0.128","0.0193097761","11.91873258","0.361","0.1029382862","0.0527049284","0.0016764928","0.925","","3.057561797","3.034469934","0.0470993583","992.39616667","0.8294079403","58238","","0.4568018189","73.047277266","0.2526013943","2.9895366218","3.858828614","16.936120356","14.170867966","18.136494486","19.714285714","0.559238561","0.602","53.710692804","0.6549554976","0.0795968022","0.8494278257","35789","0.2107630836","0.1887451452","0.0296459806","0.0038838749","0.0100310151","0.0004750063","0.0279415463","0.9140797452","0.0136018681","0.4875240996","0.454274847"
"44","8368.1388818","0.157","3.6363415808","4.9115901328","0.0697366485","0.193","0.369","8.4","0.253","0.6047731805","0.1758482518","0.1805555556","332.1","22.792485518","0.1106245856","0.0004369211","0.0003216787","0.0019424443","3371","0.45","0.46","0.8781977713","0.5750301932","0.0251710655","0.128","3.7071043781","0.2236543236","15.853993459","68.748426089","8.9","0","0.1072790846","0.7740626356","0.213","76.809908871","417.24936687","52.892244074","6.5255220418","0.11","0.165","0.097","56.9","0.092","0.049058261","18.863969818","0.337","0.1230699068","0.0814401623","0.0006928464","0.927943038","","3.058373493","3.196124843","0.0434954828","322.94820333","0.7015280745","71611","","0.4446350295","65.904902171","0.2604907067","3.373015873","","12.93133247","9.5693779904","17.122917313","12.142857143","0.6190986939","0.633","44.198706102","0.7614365523","0.0853582961","0.8523224262","80826","0.2319303195","0.1857075693","0.011048425","0.0050107639","0.0154653206","0.0007175909","0.0885729839","0.8695716725","0.0135405223","0.497636899","0.4836365902"
"45","5995.0311046","0.198","4.3458489422","5.6464658382","0.0500096918","0.236","0.357","9.2","0.303","0.3053701231","0.1871970458","0.1212121212","130.8","12.55613601","0.2493643088","0.0002467673","0.0003181129","0.0006117555","2644","0.36","0.47","0.6058198811","0.2678392519","0.0215734282","0.094","3.3200456763","0.0912606342","7.6497877801","51.787420182","8.7","0","0.0952570745","0.5128498655","0.337","78.624795423","322.26843639","62.611806798","6.3498172022","0.131","0.184","0.105","44.6","0.069","0.017284784","8.3155242522","0.351","0.2425288944","0.2578896562","0.0005383448","0.9133495146","0.1474637681","3.080632633","3.284678723","0.1055324934","-1477.0441","0.671878343","81010","","0.2787172012","","0.1988766819","1.1104941699","","13.522227705","9.0502287697","12.282837624","","0.4053755242","0.691","9.2877863706","0.8297603038","0.0667757774","0.6556443319","40866","0.314368913","0.1441295943","0.0046493418","0.0032545392","0.0038173543","0.0002936426","0.0451475554","0.9376009397","0.0333251721","0.4869573729","1"
"46","10590.987519","0.174","3.8393301203","5.4082901884","0.0874758656","0.187","0.411","7.5","0.263","0.9327712051","0.1711647278","0.273381295","581.7","19.557747432","0.0927412578","0.0005074635","0.0006343946","0.0021593431","4285","0.41","0.43","0.902132324","0.600834537","0.0457005386","0.205","4.6612402541","0.3498773663","9.1263203078","98.171801061","10.3","1","0.141217631","0.8187584242","0.42","74.747473955","496.76141392","67.352509924","7.892939361","0.119","0.164","0.12","258.3","0.108","0.1043627968","36.966893565","0.368","0.1063014131","0.0592994176","0.0011967444","0.8564010804","0.0737584925","3.039997978","3.130582545","0.2764524253","-4935.598479","0.7032540142","66169","","0.5106041046","71.554620343","0.3096313984","4.7513245599","16.601524471","12.021184265","23.099247309","10.335693365","12.030075188","0.6135367708","0.681","124.12205761","0.7092228152","0.1301550304","0.8644929953","499689","0.2303592835","0.1787952106","0.2320703478","0.0056295015","0.0172387225","0.000670417","0.2088839258","0.5243401396","0.0183531259","0.5123446784","0.0453679567"
"47","10345.107576","0.182","3.9813780434","5.0593750536","0.087416746","0.204","0.363","7.6","0.283","0.5936023911","0.1645155574","0.2386363636","446.7","26.321996321","0.0752481963","0.0003736987","0.0005551824","0.0011730468","3500","0.42","0.51","0.8988163131","0.5149201457","0.0368845501","0.208","4.3491947291","0.3185840708","10.232227066","100.72883472","7.9","1","0.123932124","0.8370576329","0.32","74.794252297","490.57231338","66.848805441","8.1863253776","0.122","0.17","0.115","207.7","0.115","0.0833132229","37.958552875","0.384","0.0862997526","0.0480811823","0.0010924558","0.8679543459","0.1190327288","3.122845347","3.247373687","0.1473308855","-1178.17094","0.7120930233","66336","","0.5346300106","61.740253992","0.2556530391","2.1759403171","5.9517956309","20.813182759","17.573195985","11.515430677","","0.5838642946","0.686","70.171662722","0.7412744304","0.1060548181","0.8678616861","111675","0.2103514663","0.1949406761","0.1100873069","0.0049787329","0.0068770987","0.0003044549","0.0756033132","0.780917842","0.0051913729","0.4798567271","0.3652116673"
"48","9957.5814531","0.166","3.9727244627","5.0373798758","0.0802596636","0.204","0.419","8.2","0.261","0.7456177379","0.156289444","0.0588235294","257.4","25.496653564","0.0850491638","0.0003993787","0.0004422626","0.0009508646","1459","0.49","0.46","0.8913281421","0.5658085045","0.0334568912","0.148","4.2609135155","0.2218412303","13.978256046","88.441061293","8.4","0","0.0975224038","0.8296535973","0.381","74.594261414","503.47999909","58.505534624","6.1188811189","0.118","0.176","0.1","96.4","0.11","0.0292833447","28.689971751","0.344","0.0968037926","0.0543608124","0.0009066384","0.8901480638","","3.1580345","3.120208891","0.0234108152","-823.34375","0.680168105","60141","","0.4974458341","","0.2544354101","3.5307963907","","15.647704993","13.200158402","16.023475963","12.173913043","0.5955247132","0.664","42.177673816","0.7934085731","0.0801793918","0.8303396386","45222","0.2109592676","0.207133696","0.0057273009","0.0051081332","0.0066118261","0.0003980364","0.0198797046","0.9510415285","0.0022025916","0.4982088364","0.6793672658"
"49","11033.82005","0.182","4.0538058749","5.3281263392","0.0938372557","0.214","0.434","6.6","0.308","0.6952562457","0.1592492739","0.1836734694","526.8","27.616012892","0.0899259596","0.0004817177","0.0005616954","0.0015105052","3064","0.41","0.49","0.8991286239","0.5483495621","0.033175669","0.203","4.2604976672","0.2989085704","12.769341347","114.14557952","8.4","1","0.1328132618","0.7692939526","0.408","73.814395666","534.96886526","59.793148028","7.0576540755","0.126","0.176","0.11","199.1","0.129","0.1469691951","40.765885876","0.402","0.1082219423","0.0424065177","0.0010019432","0.8879135802","0.0604299826","3.018446167","3.186917659","0.1462055327","-1877.80458","0.7835444887","58926","","0.4994836115","59.696604287","0.297169331","3.0937983406","5.5054559068","21.441891726","15.55830436","15.084949185","19.457364341","0.5179817982","0.668","50.797189077","0.7017455781","0.1160370008","0.8578242064","131744","0.2123132742","0.1895873816","0.0843302162","0.004584649","0.0067327544","0.0006451907","0.0507423488","0.83581795","0.003790333","0.4946563031","0.2462248999"
"50","11768.684634","0.192","3.8703198866","5.4130194515","0.09805453","0.196","0.372","7.2","0.275","0.9125811116","0.1710987535","0.2316476346","1102.7","27.783625507","0.100126661","0.0007795268","0.0009407241","0.0036473688","3372","0.44","0.51","0.8734122928","0.6324222269","0.0315384721","0.21","4.6015294437","0.3397308191","11.389122873","121.56153837","12.6","0","0.1651994334","0.7592903234","0.309","73.835046555","543.53497373","81.628894518","7.7791846037","0.116","0.167","0.12","625.1","0.113","0.1223434633","58.755277206","0.379","0.1200663677","0.0513509632","0.0020691804","0.8011266167","0.082603452","2.786200708","2.802383399","0.1793492724","-6721.799014","0.8401659302","62776","","0.6038351977","51.330409896","0.327306614","6.4997104806","19.635500506","14.679515548","27.212475131","13.848037676","8.0197044335","0.5844737967","0.646","190.93068312","0.5545913445","0.1522974645","0.8712824912","969466","0.2444479745","0.1350186598","0.2913634929","0.0046149117","0.0435910078","0.0004878975","0.1161412571","0.5184462374","0.0320813832","0.5152372543","0.0087944879"
"51","8732.7706663","0.177","3.8546697873","5.3296832817","0.0656370656","0.2","0.366","8.3","0.284","0.6348844777","0.1555486317","0.1860465116","206","20.146193617","0.1289538363","0.0005203703","0.0004532505","0.0012086679","2303","0.41","0.46","0.8577336909","0.5031261842","0.0256154646","0.13","3.7144521073","0.1491474776","14.960646994","76.546167718","8.6","1","0.120195066","0.7849074291","0.342","76.795319403","407.77505312","59.437719177","7.8481012658","0.119","0.174","0.104","47","0.098","0.0493248037","21.66268314","0.344","0.1414001994","0.1014383676","0.0007554174","0.9048336414","","3.133281861","3.158434593","0.0766996574","287.6712","0.7982561636","70938","","0.4602993404","","0.2451718402","4.1436464088","","17.1264389","10.81160561","16.017446696","18.928571429","0.6019332427","0.694","34.741288962","0.7649423589","0.0848249499","0.778717115","46332","0.2425321592","0.1892212726","0.0068850902","0.0038418372","0.0068419235","0.0011007511","0.110377277","0.860981611","0.0166274618","0.4954459121","0.7336153596"
"52","10127.497691","0.172","4.0785705189","5.3890566639","0.0691747573","0.212","0.396","8.1","0.263","0.4863432532","0.1659042694","0.1666666667","235.2","22.848034006","0.0889004419","0.0003067485","0.0002040192","0.0002040192","2218","0.4","0.27","0.8879347984","0.5897435897","0.0271600437","0.165","4.2112966252","0.1716520939","15.337423313","91.006212163","8.7","0","0.1013431013","0.8193259386","0.489","76.240627266","455.86565658","","","0.121","0.179","0.102","84.9","0.113","0.031408677","","0.345","0.0962576466","0.070698088","0.0003060288","0.8641393443","","3.08179423","3.468460453","0.0605319802","-3227.27855","0.8954626173","64216","","0.4655414909","","0.1851719198","3.3840947547","","","","15.505405748","","0.6507273877","0.611","33.959657491","0.7875346959","0.0878450106","0.8006560686","9803","0.2172804244","0.2127920024","0.0055085178","0.0043864123","0.0063245945","0.0002040192","0.0169335918","0.957564011","0.0001077006","0.4855656432","1"
"53","10223.945526","0.186","4.1167806272","5.4113432839","0.0841897233","0.225","0.379","7.2","0.288","0.5684055392","0.1759048441","0.3157894737","282.7","25.644599303","0.0844320199","0.0002217233","0.0002522846","0.0006447273","3009","0.43","0.37","0.8679155421","0.4667992487","0.0409056184","0.189","3.8265324465","0.2161554733","13.857709044","82.428211756","8.6","1","0.1005173688","0.8335095137","0.314","74.477822364","505.03407385","69.431866208","","0.126","0.178","0.113","116.7","0.125","0.0978070799","26.186579378","0.372","0.0987439308","0.0498611462","0.0005045692","0.916689008","","3.11219157","3.241950614","0.0273261325","-1188.430467","0.853543116","60835","","0.494486361","61.671196511","0.2515328347","2.5799793602","5.5981638023","15.541596151","14.01840336","15.994753721","19.166666667","0.5214555936","0.662","34.295177893","0.7546101461","0.0905009452","0.8296732726","35674","0.2077423334","0.1854852273","0.0496159668","0.0096709088","0.0048214386","0.0004485059","0.0380669395","0.8779783596","0.003402458","0.4569994954","0.4555920138"
"54","7166.302102","0.153","3.8814779689","5.5357167444","0.0760054114","0.163","0.336","7.7","0.223","0.8837086131","0.1985652452","0.1086956522","589.1","5.8491748485","0.0861554154","0.0005862377","0.0006154066","0.0034777631","1831","0.49","0.57","0.9465894076","0.8124536059","0.0279491376","0.14","5.567963595","0.2226728027","9.508489723","60.37556063","7.7","1","0.1813829787","0.6635529071","0.192","78.454688328","345.77121181","38.416359459","5.7762583992","0.111","0.167","0.105","188.9","0.122","0.0534605913","27.03167058","0.332","0.0958869104","0.0512607975","0.0013381516","0.9264984864","0.0226269659","3.396389984","3.558862984","0.0655434862","2242.873","0.7976983849","64299","","0.3162611103","51.479007148","0.3388855192","8.5270021735","3.0373426583","11.962495206","9.3096102559","6.5645792937","6.9902912621","0.5437489237","0.657","78.201352779","0.5528486409","0.1939227116","0.8928235826","139745","0.1555547605","0.1479122688","0.0369458657","0.0032773981","0.0688897635","0.0008300834","0.0412465562","0.8245661741","0.0075075299","0.500855129","0.2119626677"
"55","7769.4126711","0.168","3.8420184636","5.046813356","0.0780487805","0.199","0.358","8.2","0.261","0.6326971742","0.1661149702","0.0882352941","459.8","29.227022177","0.0824643295","0.0002889946","0.0007054582","0.0011757636","2420","0.5","0.55","0.8915057915","0.5659384651","0.0250737463","0.155","4.1961122489","0.1927905102","11.034337808","90.79666244","9.2","1","0.099871959","0.7851608228","0.308","76.759133053","409.49852936","51.075131518","","0.118","0.169","0.105","112.7","0.108","0.0376593888","32.239513445","0.351","0.0941149212","0.0551442148","0.0007315862","0.91925","","2.949496537","3.121555638","0.0785031243","-153.0596","0.8376838525","66283","","0.4183877415","54.860359986","0.2341324321","5.6669572799","3.7322067045","17.487574428","13.045497477","13.809164807","7.0731707317","0.5933413835","0.697","48.285154099","0.7529862373","0.0950661853","0.8726304856","38273","0.2259033784","0.1897682439","0.0106863847","0.0042850051","0.0088574191","0.0003919212","0.0551302485","0.9092049225","0.010469304","0.4907375957","0.5291280051"
"56","8379.2435457","0.158","3.6204903443","5.321419039","0.0821147357","0.193","0.373","8.3","0.265","0.6830732795","0.1824007255","0.1025641026","228.5","16.837808534","0.0900382493","0.0004016287","0.0004706794","0.0008998283","2124","0.46","0.51","0.8951762708","0.5583522659","0.0277533626","0.115","3.8939824853","0.2048336472","9.1405146387","97.669796819","9.6","1","0.0941043084","0.8258368201","0.538","75.809248744","431.07854117","44.427883513","4.2846497765","0.113","0.171","0.102","99.6","0.093","0.0607143053","31.864743536","0.339","0.0985386221","0.0690208668","0.0007752367","0.9222222222","0.0696837233","3.111371123","3.261474062","0.0431514841","523.72775","0.7155305537","75542","","0.3920062239","77.36565633","0.2485107622","3.5677879715","","22.147819501","15.853648179","15.429059822","5.7894736842","0.6709156694","0.728","51.62111622","0.8243790994","0.0925304476","0.8785098386","72236","0.217315466","0.1839941304","0.0085137605","0.0036546874","0.0077246802","0.0004568359","0.0208483305","0.9479899219","0.002071458","0.4999584695","0.5410002786"
"57","10194.56304","0.174","3.9313155451","5.4019132092","0.0669291339","0.208","0.367","8","0.285","0.2801879971","0.1751499171","0.2903225806","130.4","20.371044016","0.1189868805","0.0000724218","0.0001446864","0.0000723432","2056","0.36","0.41","0.8700182076","0.4759852217","0.0359775877","0.16","3.8315040797","0.2202749141","5.7937427578","120.27491409","8.9","0","0.0794642857","0.7957476473","0.468","74.386373574","504.28237392","93.742676353","","0.119","0.175","0.104","50.9","0.11","0.0540439146","38.370224706","0.351","0.1282209345","0.0935944242","0.000361716","0.9351724138","","3.225918279","3.305362938","0.0244860477","-2162.1335","0.6814637281","66837","","0.4918032787","84.271967187","0.2392686686","5.2562417871","","15.927274498","","29.660843595","","0.6182926829","0.699","9.7793433056","0.8250137137","0.1139877072","0.8798683489","13823","0.2051653042","0.2065398249","0.0098386747","0.0056427693","0.0054980829","0.0015192071","0.0797222021","0.8911234898","0.0081810536","0.4870143963","1"
"58","8824.7909725","0.174","3.8873889751","5.4502374443","0.067169294","0.201","0.403","8.6","0.257","0.6100680616","0.1709876753","0.1666666667","364.2","26.154281937","0.1266834584","0.0003387893","0.0002533409","0.0010133637","3007","0.41","0.48","0.831760464","0.4450520374","0.0283406353","0.128","3.6832767904","0.1386931175","10.798907405","72.333643134","8.9","0","0.0862972153","0.773562247","0.363","75.75589849","425.3152384","79.029517525","8.6363636364","0.117","0.172","0.103","56.2","0.089","0.0371117917","18.907165816","0.337","0.137515912","0.1012848323","0.0004433466","0.907480315","0.0679184978","3.018630734","3.152025766","0.2452504035","-911.0511","0.7535478922","69567","","0.4401640545","68.109079033","0.2194000029","2.6376524893","3.0015788305","14.441652298","13.036877542","14.407578386","","0.5605374617","0.7","22.341196763","0.7658299412","0.0647072491","0.828923564","47367","0.2416450271","0.1770008656","0.0096058437","0.0050034834","0.0053834948","0.0006966876","0.1085143665","0.8626258788","0.0212952948","0.4940781557","0.7769138378"
"59","7280.3566829","0.16","3.7612822356","5.319925767","0.0762942779","0.199","0.367","","0.258","0.6388888889","0.166372023","0.4","100.4","18.269230769","0.086815328","0.00016728","0.0003271181","","3591","0.41","0.5","0.9269125683","0.6908099688","0.0217661692","0.122","4.2250134385","0.2405271829","8.3640013382","81.585477785","9","0","0.0761904762","0.8394746443","0.509","77.798620447","425.99315986","","","0.114","0.174","0.097","","0.101","","","0.341","0.0915740199","0.073926868","0.0003271181","0.975","","3.113233084","2.82591377","","-950.3721","0.6202800564","70618","","0.3418903151","","0.2379138463","3.1847133758","","","","","12","0.6487341772","0.701","3.0072712764","0.7742946708","0.0611823067","0.8201410658","6114","0.2033038927","0.233725875","0.0088321884","0.0024533857","0.0031076219","0.000163559","0.0197906444","0.952731436","0","0.4975466143","1"
"60","10633.908194","0.189","4.2225638845","5.5357383886","0.0870359099","0.229","0.378","8.1","0.293","0.6987466653","0.1540557119","0.2142857143","277.4","30.214424951","0.100184584","0.0004034291","0.0003057636","0.0007134485","1455","0.37","0.39","0.8530246779","0.5014564194","0.0340029042","0.203","4.9480428908","0.2824393501","11.094301563","91.797392954","8.6","0","0.0807259074","0.8345456519","0.341","73.753381873","540.61559741","76.250508337","","0.131","0.186","0.109","90.2","0.13","0.0039388049","18.604021851","0.352","0.1116258352","0.0720356991","0.0007644091","0.8964285714","","3.103439839","3.164461183","0.0397846939","-2210.162667","0.799145573","54128","","0.5473579262","88.161976814","0.2794302394","3.3783783784","","14.011997652","12.239652394","18.250573068","16","0.5876247505","0.61","19.036239215","0.777638033","0.0894372634","0.832222362","19623","0.2248382001","0.2080211996","0.0158487489","0.0046883759","0.004280691","0.000254803","0.018040055","0.9441471742","0.0022637848","0.4954390256","1"
"61","11498.582429","0.186","4.1855665491","5.5948156193","0.08650261","0.23","0.369","8.2","0.277","0.3877397871","0.165317398","0.2","265.8","22.20187686","0.113028169","0.0001398862","0.0001862024","0.0010241132","2558","0.38","0.45","0.8635775304","0.5233918129","0.0316871556","0.204","4.0529882933","0.2204288679","9.7920358109","94.499914091","8.7","0","0.1194790487","0.8359836901","0.529","73.489943473","540.23475205","93.818409257","","0.128","0.183","0.113","92.6","0.126","0.0026557018","25.36542059","0.381","0.1232583914","0.0850971922","0.0007448096","0.825","","2.796559512","2.799754005","0.0199473025","789.4824","0.8890607778","62460","","0.4123524069","","0.2661383285","3.3840947547","","20.598657633","18.136347149","24.577740759","20.5","0.6040866118","0.603","19.238299969","0.797188755","0.0892723181","0.7884479093","21482","0.2026813146","0.2099897589","0.0065170841","0.0040499022","0.0056326227","0.0000465506","0.014570338","0.9547993669","0.0007401559","0.4938087701","1"
"62","7741.6596001","0.204","4.3954767917","5.8073236594","0.0573476703","0.244","0.422","7.6","0.312","0.4699801931","0.1522713613","0.1538461538","505.9","14.312383323","0.122005286","0.000304748","0.0001832733","0.0007941841","4444","0.42","0.46","0.8529078385","0.4704033525","0.0304139679","0.205","3.9990235435","0.1790794979","14.018406778","58.313895368","8.9","1","0.1257285595","0.7213716108","0.479","78.241471306","380.90796757","76.355306694","","0.138","0.197","0.118","129.6","0.123","0.0647434221","","0.358","0.1333740085","0.0961642355","0.0004887287","0.85625","","3.128016962","3.431257826","0.0585297862","-1344.083","0.7125704526","64700","","0.5447996398","63.989765569","0.2377279753","3.1185031185","","13.830788234","","13.590534193","","0.5359572029","0.598","7.9199476648","0.8174672489","0.0914723032","0.7620960699","16369","0.2235322866","0.2094202456","0.0204655141","0.0052538335","0.0021992791","0.0002443643","0.0171665954","0.945079113","0.0044230519","0.519335329","0.9937484526"
"63","6888.694116","0.161","3.6830574708","5.1534051647","0.0953453453","0.198","0.396","8","0.251","0.9018779343","0.1806414133","0.3","150.1","30.989956958","0.0692604276","0.000465935","0.0003127769","0.0007819423","2247","0.45","0.41","0.9119777566","0.5751842262","0.0309196317","0.165","4.563092692","0.1644378405","9.8364050528","65.746905721","9","0","0.1043421905","0.8382704252","0.287","77.116980049","396.28364606","","","0.113","0.166","0.099","103","0.102","0.0706563827","","0.343","0.0806498687","0.0408895265","0.0007819423","0.9125","","3.258697969","3.297853771","0.0453525969","-5305.316721","0.7993841611","55503","","0.4126279863","","0.2245464209","2.8116213683","","13.921362124","","17.892421814","12.105263158","0.581272909","0.699","51.235882834","0.7516477722","0.0822009956","0.811494859","19183","0.2045561174","0.1948079028","0.0322681541","0.0030235104","0.0080279414","0.0007298129","0.0164729187","0.9289475056","0.0011039355","0.4527967471","0.5429838289"
"64","8472.6473641","0.166","3.8956050217","5.4273512273","0.0897435897","0.207","0.379","8.7","0.273","0.4550204082","0.167600424","0","181.2","26.326447955","0.0931418462","0.0003293808","0.0000821828","0.0004109139","3867","0.36","0.31","0.9042639712","0.5118465589","0.031762122","0.159","4.0957831537","0.083172147","18.939393939","72.95010213","8.9","0","0.0613786591","0.8392265193","0.434","75.389832011","483.92886222","","","0.118","0.176","0.1","","0.098","0.0085087195","","0.344","0.1006904488","0.0749372535","0.0004930966","0.925","","2.943520315","3.132995938","0.0394680003","1673.274","0.6792437031","63487","","0.484228972","","0.2012695512","4.4576523031","","14.401018939","","13.839074627","10.833333333","0.6455630514","0.672","17.784757918","0.8562909958","0.0587148429","0.7588948519","12168","0.2214003945","0.2107166338","0.0071499014","0.0036982249","0.0051775148","0.0006574622","0.0176692965","0.9552925707","0","0.4922748192","1"
"65","7153.781258","0.151","3.547206368","5.0134647995","0.0737307226","0.162","0.378","8.1","0.218","0.7956123892","0.1702182102","0.1111111111","279.5","10.200178503","0.0626331397","0.0005624329","0.0006007174","0.0021969095","3614","0.41","0.48","0.9394040286","0.6766687079","0.0326694802","0.103","4.1781194258","0.1836248863","9.1251872385","76.498635208","8.3","0","0.1140357609","0.8262436474","0.433","77.454100269","372.64743337","41.8485084","3.859348199","0.105","0.16","0.098","115.9","0.093","0.0794516508","26.376422581","0.33","0.0710991102","0.0410655111","0.0009497056","0.9295430622","0.05327195","3.514487808","3.619763529","0.0725636121","645.31909571","0.6503405422","84352","","0.3359498235","53.285634908","0.2552755121","3.0789531559","2.7752338134","16.561868309","12.417848901","10.932739265","18.361581921","0.6672502892","0.771","49.864632373","0.7700345868","0.1029050026","0.8960482743","174791","0.211320949","0.183573525","0.0456602457","0.0039304083","0.0150293779","0.0004290839","0.1131866057","0.8089718578","0.0056852039","0.5042364881","0.2357936668"
"66","6685.8434735","0.144","3.5724104028","4.9364104804","0.0745052386","0.178","0.377","8.1","0.224","0.2600111014","0.1698418578","0.1538461538","207","13.897280967","0.0617098886","0.0003185221","0.0002393967","0.0001196984","4177","0.52","0.6","0.9373082715","0.6896377422","0.0235841856","0.114","4.2794891059","0.1449854651","10.351966874","66.166218994","8.8","1","0.0863899614","0.8545049872","0.347","79.009776455","343.75801787","","","0.107","0.164","0.092","65.9","0.088","0.0839329943","","0.354","0.0679914145","0.0467625899","0.0001994973","0.9149082569","","3.383016258","3.629926192","0.039742541","40.9761","0.6805376141","75907","","0.32224415","58.448263562","0.1909441817","5.1622418879","","18.380712445","17.329247832","12.363648625","11.923076923","0.6691607685","0.725","27.513785236","0.8070537381","0.0983905254","0.8843697809","25063","0.2153772493","0.2112277062","0.0105334557","0.0029525595","0.0059051191","0.0002393967","0.0137653114","0.9542752264","0","0.4965885967","0.7041075252"
"67","12778.505928","0.18","4.1228525259","5.5364512486","0.0843644544","0.22","0.404","8.1","0.279","0.4032283842","0.1614194188","0","210.7","21.24430956","0.0918629771","0.0003241754","0.0001601922","0.0004805767","3170","0.38","0.31","0.8808647654","0.5371428571","0.0258319404","0.179","4.0208622046","0.2287727104","20.26096118","120.80601775","8.5","0","0.0762463343","0.7445717217","0.372","72.498612987","579.64685426","116.64722546","","0.125","0.18","0.108","57.1","0.112","0.0356317659","43.149946063","0.355","0.1034531761","0.0626105412","0.0008810573","0.975","","3.129676685","3.367470227","0.0343859522","1845.52785","0.7398850898","60487","","0.4638720353","","0.2288590937","7.5757575758","","23.508251953","25.771950453","20.540441848","20","0.6035343035","0.629","27.824389057","0.7674661105","0.082260528","0.8515119917","12485","0.2177012415","0.2193031638","0.0089707649","0.0049659592","0.0082498999","0.0002402883","0.038205847","0.9282338807","0.0015195003","0.4953944734","1"
"68","8285.0680025","0.168","3.9050234309","5.4048472537","0.0709275136","0.202","0.362","8.4","0.265","0.6248706638","0.1768727078","0.1282051282","338","14.478381595","0.0826170914","0.0003245085","0.0004557519","0.0010187394","3300","0.41","0.47","0.908703003","0.5638321741","0.0308253427","0.127","3.8052657122","0.1655619994","12.709916439","73.598037386","9.1","0","0.0882783883","0.7950594121","0.424","76.442394007","432.17069036","42.572515184","","0.116","0.17","0.106","169.1","0.097","0.0353911953","19.638648861","0.343","0.0930930931","0.055399061","0.0007238412","0.937622549","0.0813264903","3.292289993","3.514014188","0.0438740474","-1909.806275","0.745530647","68301","","0.4582392777","67.060536747","0.2500256219","2.2284122563","","22.622431134","16.532892456","15.236586091","","0.562514828","0.658","41.159159996","0.7394988413","0.0495020068","0.8485660487","37301","0.1954907375","0.1751695665","0.0353073644","0.0038872952","0.0124393448","0.0005629876","0.0210986301","0.9127637329","0.0049086369","0.4720784966","0.72253989"
"69","11032.839345","0.177","4.1235243916","5.4625662162","0.0810947795","0.211","0.38","7.6","0.277","0.4326177455","0.1572322561","0.08","315.7","26.772525849","0.0896429871","0.0001640218","0.0002864509","0.0004501371","3652","0.45","0.38","0.8988737682","0.5940014631","0.0298353022","0.227","4.2444958034","0.2709768592","13.121745192","121.12245562","9.2","0","0.097007722","0.8320927165","0.334","74.109315381","518.75456349","61.835270838","","0.122","0.178","0.105","106.8","0.114","0.0785722974","55.978045684","0.341","0.1029231324","0.0572990127","0.0005729017","0.7118657565","","2.984161075","3.185020155","0.0934012402","-4250.4578","0.7221793835","56920","","0.5622744563","","0.2625966268","3.3046926636","","18.158154313","13.006438187","20.7768223","","0.5930886686","0.655","32.745812703","0.7632224512","0.0748952692","0.8160141301","24437","0.2233498384","0.2087408438","0.0080206245","0.0050742726","0.0042558416","0.000736588","0.0447681794","0.9261775177","0.0051968299","0.4993247944","0.6656599461"
"70","8811.232401","0.158","3.7524260072","5.146957033","0.0572487644","0.195","0.386","8.7","0.251","0.3179513709","0.1749887411","0.28","151.3","23.9699201","0.0840657241","0.0000343867","0.0001031389","0.0007563516","2769","0.5","0.51","0.9056135373","0.54060643","0.0303805317","0.131","4.2300180955","0.1662265258","15.474020838","93.125516391","8.9","0","0.1325033348","0.8335870468","0.42","75.657338341","449.98708097","40.565208573","8.1366965012","0.114","0.17","0.097","57.6","0.099","0.0081249762","31.449104865","0.326","0.0950934858","0.0590711379","0.0012376663","0.9591463415","","3.273696901","3.396361989","0.0580410095","-467.87592","0.7574749642","63571","","0.3929875822","","0.2326375234","1.1312217195","","19.315727781","16.104412609","16.469942355","6.25","0.6639218423","0.687","21.698846033","0.7717293504","0.100234192","0.8294043549","29087","0.2342971087","0.1898786399","0.0054319799","0.0038161378","0.0083542476","0.0001718981","0.0191494482","0.9529686802","0.0012847337","0.4987107643","0.8136575272"
"71","9342.8457363","0.178","4.0907494786","5.4007534578","0.0677200903","0.219","0.391","8","0.287","0.4831064947","0.1624089432","0.375","251.9","23.790213571","0.0944349506","0.0003598848","0.0004198405","0.0011995442","3635","0.5","0.42","0.8941762584","0.501320655","0.0246789503","0.141","3.9651052798","0.2048387097","16.194817658","102.15118375","8.9","0","0.0984962406","0.8482908893","0.368","75.44981886","474.7644033","72.917299629","","0.124","0.181","0.107","63.9","0.114","0.0443356246","22.043204681","0.363","0.1045081967","0.0694693668","0.0009596353","0.925","","3.205420826","3.424346892","0.0454971755","1085.753","0.7356585669","61653","","0.5733656174","","0.256516309","3.2362459547","","23.189484068","","19.737237302","17.777777778","0.6165565488","0.698","45.435283072","0.7118618842","0.1228123573","0.8069653222","16673","0.2216757632","0.1958855635","0.0098362622","0.0041984046","0.0039584958","0.0004198405","0.0190127751","0.9532777545","0.0034177215","0.5043483476","0.6138371538"
"72","9419.1929402","0.165","3.7657378969","5.5032934478","0.090844093","0.176","0.361","7.7","0.27","0.8274132321","0.1683009746","0.2206896552","732.1","21.171458999","0.0878239398","0.0009000338","0.000639156","0.0026668234","3187","0.44","0.53","0.9086819689","0.6622436671","0.0339876189","0.177","4.4601935219","0.2787348565","10.543253053","82.551611341","8.5","0","0.1315386089","0.7641647469","0.246","75.483516209","459.43089674","64.821928332","7.9790549807","0.113","0.17","0.111","259.7","0.11","0.0815871669","26.976586775","0.331","0.1003993852","0.0583191696","0.0011938259","0.8312240886","0.0487993343","2.914806753","2.992317518","0.1557428226","-1616.7132","0.7851532093","61028","","0.4671906762","52.104850263","0.3131021826","4.0009277514","8.6575104695","13.978384624","15.109893147","11.085836577","17.192982456","0.5827606261","0.681","103.91047753","0.6813596859","0.1194161917","0.8552007146","272234","0.2296149636","0.169324919","0.1318387858","0.0057413843","0.0282404108","0.0008595546","0.1019086521","0.7044564603","0.0113058247","0.5105607676","0.100193469"
"73","15484.040193","0.2","4.3065504744","5.6132042685","0.087602459","0.245","0.381","6.6","0.307","0.5872293307","0.1696823019","0.1666666667","307.9","37.77823157","0.0905833167","0.000369534","0.0002846917","0.0007727347","3648","0.37","0.41","0.8191395445","0.4475500926","0.0336887798","0.201","4.3923059718","0.2340543539","9.4436460686","141.11085134","8.7","0","0.1170097508","0.8173559194","0.321","69.507565798","738.7482685","59.503570214","","0.135","0.19","0.114","730.2","0.152","0.0984107605","65.263274828","0.39","0.102743447","0.0582386364","0.0008540752","0.8506129032","","3.01438468","3.193524602","0.0198592698","-2106.03765","0.7115183449","57837","","0.5609439834","","0.2771928005","5.0107372942","","16.381778147","15.864533583","26.907760198","16","0.5528548124","0.648","53.523757955","0.6996801816","0.0935008192","0.810069122","24588","0.2257198633","0.1713844152","0.0063852286","0.0038230031","0.0091508053","0.0007320644","0.0265983407","0.9447698064","0.0009974413","0.5076866764","0.6892224409"
"74","9429.474414","0.161","3.7382100584","5.0932429433","0.0717703349","0.193","0.4","8.2","0.27","0.5364776384","0.1638626341","0.1363636364","295.3","20.094057289","0.083601725","0.0003552477","0.0003778533","0.0011113334","4002","0.48","0.37","0.8912773874","0.5741998927","0.024789916","0.187","4.1640262552","0.1457425743","11.545549413","93.459197682","9.3","0","0.1145251397","0.8120792907","0.369","75.579420189","443.9915686","72.233132435","8.2938388626","0.113","0.169","0.101","84.2","0.1","0.0485645097","33.422708131","0.347","0.0944473664","0.0567611106","0.0011780134","0.9476503759","0.096163186","3.140231872","3.492620573","0.0865498118","886.18965","0.7754763443","66045","","0.4253137228","62.662149204","0.2717086835","4.342676668","","19.55157619","13.41519584","16.003636026","","0.5934689031","0.722","73.754018237","0.7262393257","0.1078105287","0.8517799712","44991","0.2215998755","0.1871929942","0.0149807739","0.0036896268","0.009290747","0.0014891867","0.0528550154","0.9069369429","0.010165725","0.4972327799","0.5259127733"
"75","8695.1252012","0.156","3.722744232","5.2601870158","0.0636237898","0.186","0.392","9","0.263","0.5203937405","0.1691613578","0.1034482759","242.4","19.995295225","0.0830573248","0.0003535711","0.0003004958","0.0004006611","2216","0.48","0.48","0.9253320147","0.651642984","0.0263182808","0.102","4.1989100817","0.1602401293","14.647944237","62.363271003","7.9","0","0.0697115385","0.8765022793","0.404","76.529087301","421.55882407","67.934782609","","0.112","0.17","0.097","29.7","0.087","0.0001343873","","0.347","0.0905277875","0.0646532438","0.0003004958","0.975","","3.697047042","4.07434853","0.1311799803","-452.6717","0.6857645051","70440","","0.3605889724","","0.2001561613","3.8424591739","","16.142681765","13.858504667","12.641869873","15.238095238","0.6811511701","0.692","11.342902296","0.8005853907","0.063525675","0.7779333164","19967","0.2154054189","0.2088445936","0.0076125607","0.0037561977","0.0037561977","0.0000500826","0.0346571844","0.9397505885","0.0029103609","0.4915610758","1"
"76","12335.391086","0.188","4.1393153701","5.7816475223","0.0833799664","0.228","0.418","8.1","0.288","0.6722005905","0.1713883089","0.1428571429","184","27.75004991","0.0909284158","0.0001283587","0.0002149798","0.0004299596","3718","0.32","0.33","0.8510007413","0.5316409124","0.0377338769","0.183","3.9671891953","0.1406044678","8.9851103885","130.15861997","8.6","0","0.0942285041","0.8277634961","0.442","72.424834046","618.6283975","","","0.128","0.186","0.11","76.4","0.124","0.0127971935","51.861242365","0.358","0.1039787014","0.0587812331","0.0006879353","0.9002884615","","2.88184198","3.0667801","0.0244029013","-930.6592667","0.6572880997","58523","","0.5377028317","","0.2210413","2.0576131687","","20.094712601","17.354482663","30.394948236","","0.589347079","0.644","14.600018342","0.8391349601","0.0900433944","0.808257199","23258","0.223106028","0.2037578468","0.006234414","0.0052455069","0.004084616","0.0001719838","0.0471235704","0.9273798263","0.0041860042","0.4946685012","1"
"77","7888.9516795","0.154","3.659212019","5.0148095491","0.0735177866","0.187","0.4","7.7","0.246","0.5386670539","0.1779365117","0.1388888889","233.9","23.090815273","0.0856255035","0.0002887503","0.0004607631","0.0009215263","1566","0.4","0.5","0.9274519717","0.5789326236","0.0215131389","0.126","3.6848785383","0.1066374909","15.015015015","67.002836068","8.5","1","0.0882352941","0.8358802336","0.271","78.121344941","364.29787738","64.415201988","","0.111","0.165","0.099","60.6","0.093","0.1145921466","9.6101175317","0.34","0.0965049557","0.0575093091","0.0003455724","0.8534870849","","2.906559869","2.96976365","0.0501811402","3311.793","0.739801507","73250","","0.360931799","","0.2412013652","4.9207217059","","19.63683754","14.440266394","16.555263539","11.5625","0.5940819702","0.58","37.004761926","0.7989705669","0.0873057187","0.8357256778","34725","0.1935493161","0.2223758099","0.0086969042","0.0039164867","0.0080345572","0.0004607631","0.0431965443","0.9263642909","0.0028059902","0.4864506839","0.6315957601"
"78","9390.6124604","0.197","4.3634310639","5.4783545931","0.0711864407","0.234","0.378","7.7","0.298","0.3276168516","0.1623043153","0.1904761905","269.8","28.251748252","0.0880113215","0.0003372194","0.0002418965","0.0004354136","3793","0.37","0.45","0.8885252471","0.5075241849","0.0376652532","0.172","4.0621543222","0.3050108932","11.080065517","72.505099525","8.1","0","0.134529148","0.8368990108","0.372","75.586404245","477.13356663","97.098469271","","0.133","0.183","0.119","122","0.123","0.0543415311","","0.362","0.1021110809","0.0484073238","0.000822448","0.9438476563","","3.354768863","3.451341857","0.0499515592","-613.6575","0.8549329522","55497","","0.5492227979","","0.2831864785","2.4671052632","","17.256239076","10.634081264","16.532227511","18.888888889","0.541970473","0.626","14.004539287","0.7592424439","0.098547577","0.7828512129","20670","0.1840348331","0.19109821","0.0500241896","0.0037252056","0.0030478955","0.0003386551","0.0190614417","0.9120948234","0.0045216684","0.4507014998","0.7658644377"
"79","12416.413186","0.202","4.4100767628","5.8414135729","0.0793650794","0.244","0.414","7.3","0.311","0.5116565677","0.1559769461","0.2","153.2","28.705882353","0.1004514673","","0.00009994","0.0005996402","3837","0.35","0.49","0.8313342218","0.4046692607","0.0279529214","0.219","3.6866845214","0.2356874216","5.1072522983","112.00121493","8.8","0","0.1354401806","0.8273331805","0.589","75.237696978","484.55129468","144.75707953","","0.136","0.191","0.116","73.5","0.15","0.0311432576","31.984647369","0.362","0.1087416285","0.0811594203","0.0001998801","0.975","","3.040245787","2.800187591","0.0136084423","-3743.553","0.7463757842","63246","","0.5073627845","","0.2173101856","1.7889087657","","","","24.413731368","","0.5147459727","0.568","1.8020655526","0.793814433","0.0723919626","0.7414750198","10006","0.233359984","0.1896861883","0.011093344","0.0049970018","0.0037977214","0.0005996402","0.0223865681","0.9470317809","0.0053441642","0.4754147511","1"
"80","7077.671381","0.158","3.6521700338","5.3227876366","0.082266175","0.165","0.326","6.6","0.242","0.810674842","0.1882389965","0.1666666667","539.9","11.692205197","0.0888169939","0.0007002502","0.0005351929","0.0018281342","2533","0.46","0.57","0.9202198968","0.7175422281","0.0282882975","0.149","4.94919578","0.2140180209","9.7821206355","64.61948267","8.8","1","0.159656832","0.7471861472","0.133","78.342559865","353.13399613","52.244834776","6.9797782127","0.11","0.161","0.108","133.2","0.113","0.1743690711","20.900879737","0.322","0.1023104943","0.0521396825","0.0011604678","0.8245729657","0.0281635589","3.294679061","3.353788251","0.096869686","61.190233333","0.7791787731","56088","","0.4395372403","36.625361946","0.3586150335","4.733951903","3.4419724597","14.276411101","11.323992944","6.9587704077","11.534090909","0.5196974105","0.671","109.12144859","0.5293684455","0.1630534526","0.8819534414","188717","0.199775325","0.1246522571","0.0614571024","0.0040483899","0.0831509615","0.000614677","0.0930175872","0.7386986864","0.0161837404","0.4862466021","0.1565145959"
"81","8919.5119307","0.158","3.8230715935","5.0490768444","0.0805243446","0.184","0.385","8","0.254","0.5695683313","0.1654495247","0.1363636364","208.2","18.625561978","0.0749082416","0.0002602134","0.0005858994","0.0007160992","642","0.49","0.53","0.9075423574","0.5884244373","0.028298746","0.123","3.459292591","0.1129996852","15.612802498","77.628514664","8.8","0","0.0668238994","0.8091634562","0.404","76.014243257","424.61287672","94.271211022","","0.112","0.168","0.098","45.5","0.099","0.0732181325","","0.341","0.0826464943","0.0545619885","0.0003254996","0.9326502732","","3.189804124","3.286425979","0.0166267636","1040.50745","0.8661889415","65025","","0.3931972789","","0.2553479431","3.5211267606","","31.354902253","26.314750734","18.787810469","","0.685472973","0.705","23.32680055","0.8081037277","0.0513646381","0.8729335494","15361","0.2057808736","0.2210793568","0.008202591","0.0032549964","0.010025389","0.0003254996","0.0337217629","0.9358114706","0","0.4933923573","0.6154046487"
"82","9461.0801427","0.162","3.8987357057","5.2809337162","0.0632183908","0.195","0.381","","0.257","0.6208550868","0.1641364217","0","127.7","24.948024948","0.0987017606","0.0001419044","","0.0001438435","6659","0.39","0.48","0.8878523224","0.6536491677","0.0244444444","0.167","3.5420370101","0.1775636614","5.6761742585","129.73460812","8.9","0","0.098245614","0.855080668","0.421","75.487560096","469.89654396","","","0.116","0.172","0.098","","0.089","","","0.335","0.1054421769","0.0822864322","0.000575374","0.975","","3.477178769","3.482878702","0.0277768976","379.1094","0.7498133333","61171","","0.4703618168","","0.2607935133","4.5045045045","","","","","","0.6292682927","0.65","30.982962439","0.7915521978","0.0861516554","0.8389423077","6952","0.2131760644","0.207853855","0.0113636364","0.0035960875","0.004027618","0.000575374","0.0235903337","0.9417433832","0.0024071009","0.5050345224","1"
"83","10318.341678","0.172","3.9372099515","5.8097575925","0.0968041991","0.196","0.424","7.1","0.265","0.8590287338","0.1725196921","0.1176470588","718.9","23.39904464","0.0838461432","0.000777834","0.0007288143","0.0025480684","3462","0.54","0.59","0.9121795598","0.6666666667","0.0302460109","0.193","4.1429214326","0.3092501227","14.778845139","104.80156651","8.7","0","0.1436362442","0.8227409501","0.189","74.624056518","504.97457621","73.571024335","7.1085368262","0.12","0.18","0.11","210.1","0.121","0.1161401195","31.62433235","0.351","0.0962664263","0.0517424748","0.0021975699","0.7992282864","0.0359916055","2.956795143","3.08480121","0.1145120919","-522.3193","0.7933723911","57997","","0.4509013598","55.514877336","0.3162060107","7.614696364","8.1885057001","20.630884254","19.967456356","10.078160862","14.742857143","0.5571961544","0.696","108.34068942","0.6477744382","0.1288197963","0.8808306335","179744","0.2142380274","0.1834998665","0.100893493","0.0031489229","0.0143036763","0.003399279","0.033080381","0.8179744526","0.0050227232","0.5101143849","0.07956766"
"84","10643.956323","0.179","4.1261494623","5.4601426799","0.0784490532","0.217","0.409","7.8","0.286","0.5380529827","0.1615249251","0","267.3","27.83171521","0.0796532548","0.0005866632","0.0004530451","0.0012944146","5120","0.4","0.45","0.9250458716","0.5909845133","0.0361901878","0.183","3.9474352924","0.2737597131","11.081415814","80.360846122","9.1","0","0.1037376049","0.8174366617","0.397","74.178918908","526.55802048","","","0.125","0.18","0.108","69","0.134","0.0169789743","23.826026685","0.357","0.0900638512","0.0534133105","0.0012296939","0.9423170732","","3.165051035","3.318005031","0.0310577291","-135.28077","0.7992955122","58280","","0.5127760935","","0.2649279341","3.8560411311","","23.992628691","15.553712153","19.35680115","","0.6239366138","0.644","31.965852581","0.7699047034","0.0720922781","0.8638180141","15451","0.2160377969","0.2054235972","0.0058895864","0.0039479645","0.003106595","0.0006472073","0.018704291","0.9550190926","0.0032621993","0.4975729726","0.5865664875"
"85","10406.370927","0.187","4.0986155612","5.4993860927","0.0915974597","0.218","0.385","5.8","0.298","0.7852062589","0.1626318781","0.1587301587","577.4","24.520255864","0.089543494","0.0008302357","0.0005754391","0.0018772522","4603","0.43","0.48","0.904651877","0.6068329927","0.0354926889","0.205","4.842045143","0.2770003254","14.434779327","74.643339532","10.2","1","0.1514476615","0.7859544344","0.168","74.315698939","531.5209345","62.70620695","8.1213424101","0.124","0.176","0.121","230.5","0.139","0.1999116776","21.586785133","0.37","0.1060446468","0.0458543555","0.0019904534","0.77","0.0498546512","3.183195512","3.162997171","0.0679492361","-591.999","0.8425133421","52286","","0.543758967","51.790644139","0.3217113568","3.5539008292","4.9309073269","18.154143659","10.850410258","11.19449231","14.375","0.5227725147","0.64","86.43633793","0.6309056039","0.1416271646","0.8629432126","106006","0.2027809747","0.1737260155","0.0679112503","0.004207309","0.0216402845","0.0006792068","0.0298285003","0.8520744109","0.0051675992","0.4946984133","0.2476708148"
"86","10105.918636","0.172","3.9597178403","5.4770877066","0.0746334962","0.209","0.395","7.8","0.272","0.6688403926","0.161106062","0.2","227.2","20.246129416","0.0888005874","0.0004218588","0.0003568185","0.0028221098","2923","0.48","0.49","0.9144812913","0.5518345952","0.027280186","0.148","3.9932484977","0.2453689168","16.874350987","91.424745202","8.7","1","0.0960251869","0.8398836549","0.266","74.333703894","499.36029711","40.406761398","","0.121","0.177","0.104","45.5","0.108","0.0717734384","26.999006437","0.367","0.0989270133","0.0625192012","0.0006163228","0.8312185687","","3.002153519","3.093186712","0.0506019014","1519.1089","0.7007429922","64025","","0.4510679612","","0.2251464272","9.3109869646","","11.965330069","12.876724676","20.983582627","","0.5940900754","0.685","37.702861606","0.794322829","0.0677027362","0.8479672841","30828","0.2085766187","0.220805761","0.0082717011","0.00746075","0.0058064098","0.0002919424","0.0296808097","0.9373297003","0.0002377152","0.510509926","0.5014850207"
"87","6643.2591573","0.153","3.6762912622","5.1522164971","0.0634328358","0.188","0.387","8.5","0.249","0.3357819905","0.1642484805","0.2307692308","247.8","18.626309662","0.0622468877","","0.0001181893","","2691","0.39","0.38","0.9259014224","0.6718106996","0.0256720756","0.133","3.8664220722","0.1858071506","10.619469027","70.051693319","8.7","0","0.0871491876","0.787833082","0.422","77.978218338","373.45417039","","","0.111","0.169","0.099","","0.105","0.0170459096","","0.345","0.0692595674","0.0446153846","0.0002363787","0.975","","2.882366225","2.897584112","0.0187794697","168.9287","0.7269815462","73539","","0.4343360235","","0.2255129931","2.3419203747","","","","","","0.693871218","0.702","7.5307693086","0.8055555556","0.0800254049","0.8743961353","8461","0.2185320884","0.2086041839","0.0046093842","0.0040184375","0.0053185203","0.0005909467","0.0249379506","0.9500059095","0.0006224325","0.4956860891","1"
"88","7285.6387964","0.127","3.3007641757","5.1126970085","0.0737872922","0.154","0.332","8.6","0.215","0.7900403769","0.1744683475","0.1935483871","289.9","11.686848775","0.0631475459","0.0015345506","0.0003988648","0.0008130705","3131","0.52","0.58","0.9492306649","0.763889781","0.0257731959","0.079","3.7696344107","0.1617578308","10.230337601","74.395811041","9.1","0","0.0820971347","0.8232447848","0.293","77.065215026","369.69709355","46.114825917","4.9841413684","0.095","0.155","0.087","70","0.075","0.0689509953","22.014770863","0.338","0.0707105353","0.0460134364","0.0018869372","0.91","","3.520389771","3.603934555","0.0571553454","1399.717","0.7800292549","84567","","0.2883813307","62.212649451","0.2247803517","3.5509423655","2.2713180231","16.372316544","12.346538854","12.265117325","2.3287671233","0.7289947204","0.762","41.230240332","0.8224531377","0.0777341327","0.9018337408","65185","0.2285648539","0.1863465521","0.020096648","0.0030528496","0.0280586024","0.0005522743","0.0231188157","0.9092582649","0.0045200921","0.5049474572","0.2674105606"
"89","11371.098258","0.184","4.204313103","5.4828016311","0.0768200089","0.223","0.413","8.2","0.293","0.3195301966","0.1594421443","0.1666666667","224.2","27.310574521","0.0990444609","0.0002490926","0.0001771542","0.0005314626","1981","0.42","0.44","0.8749872436","0.5499336185","0.0265915167","0.182","4.0551181102","0.234629862","7.8286242972","112.75968627","8.8","1","0.1035120148","0.7875156642","0.506","73.820903221","538.12325363","60.753341434","","0.13","0.185","0.111","101.4","0.111","0.0312998112","39.122239215","0.356","0.111698612","0.0664752984","0.0004251701","0.9094155844","","3.13990046","3.360529249","0.0231854367","-2093.775667","0.7613023603","65342","","0.4682062638","","0.2154816198","3.785488959","","25.877854811","22.837404814","21.981617234","","0.5647359851","0.67","31.959617956","0.8119830913","0.0902069229","0.7889174784","28224","0.2233205782","0.1867205215","0.0068735828","0.0032596372","0.0030116213","0.000212585","0.0152352608","0.9609906463","0.0013561876","0.4974489796","0.7652047406"
"90","12675.054774","0.184","4.1800931424","5.7727832961","0.0905723282","0.222","0.378","6.3","0.281","0.7650143495","0.1630602066","0.1764705882","472.5","26.710499281","0.0887843317","0.000601902","0.0006639205","0.0050246707","4648","0.43","0.44","0.8804381228","0.5628425998","0.0311315375","0.238","4.3579441691","0.2823235055","12.79041772","146.25771032","9.1","0","0.1211955531","0.7938500789","0.209","72.611440809","596.90407565","70.592207234","7.51604033","0.124","0.184","0.111","144.5","0.131","0.1662986985","77.226703278","0.368","0.1028886639","0.0542810985","0.0017050684","0.9525466893","0.0621387283","3.063769895","3.065100807","0.097051498","-1451.43398","0.7491453404","51622","","0.557337122","50.465038672","0.3029134865","4.1354355131","7.5462260246","19.936488283","20.288336629","12.289568097","9.552238806","0.5466377012","0.658","62.342373883","0.6838985235","0.1157700422","0.8476011635","66273","0.2244352904","0.196173404","0.047741916","0.0040438791","0.0118600335","0.000739366","0.0344333288","0.8707467596","0.0107545811","0.5121693601","0.3769927727"
"91","8131.9347803","0.153","3.6190240845","5.1650441204","0.0723296888","0.19","0.377","7.8","0.259","0.4798438609","0.1679647166","0.0476190476","191.5","19.938650307","0.0795614035","0.000461042","0.0002823363","0.0007058408","3234","0.48","0.49","0.9329894194","0.5558566697","0.0230613809","0.121","3.586023628","0.1244933411","16.313792247","80.951535594","8.9","0","0.092176259","0.8528746998","0.32","76.7018016","391.40329322","56.218790304","","0.11","0.168","0.097","60.2","0.082","0.126748788","23.630885567","0.34","0.0919576453","0.0526243473","0.0005999647","0.9506666667","","3.213441576","3.310209039","0.0279240968","1850.9328067","0.733514947","68879","","0.3257723895","64.807416314","0.2298959044","4.0299366724","","17.744265529","10.651517841","16.265286828","15.3125","0.6728927203","0.743","47.124202137","0.7729269386","0.0700321248","0.8251008516","28335","0.2455973178","0.1884242103","0.0094229751","0.0031056997","0.0074819128","0.0005293806","0.0366331392","0.9307923063","0.0057910674","0.5010411152","0.6328601845"
"92","9660.6295466","0.164","3.7262033418","5.1033818385","0.0771017185","0.192","0.384","8.8","0.266","0.4417935839","0.161516405","0.0344827586","361","30.990919858","0.1131315219","0.0003650968","0.0003658834","0.0004878445","1194","0.5","0.53","0.90336629","0.6064173154","0.0249646024","0.129","3.7416133922","0.167984537","10.547239463","104.75695561","9","0","0.1011235955","0.7704888407","0.305","75.440287883","477.01024771","56.561085973","","0.115","0.169","0.1","96.8","0.096","0.0039843224","27.428069887","0.346","0.1296821587","0.074500508","0.0003252297","0.9087837838","","3.10132074","3.217663612","0.1151950612","-324.186975","0.8030442027","66167","","0.5404789054","84.615214315","0.2440793749","2.7081922817","","27.705924301","16.497158364","23.005456422","7.2","0.626951151","0.584","41.032209364","0.7849680495","0.0947182366","0.8734151537","24598","0.2298967396","0.2156679405","0.0062606716","0.0068298236","0.0065859013","0.0005284983","0.0972030246","0.8765346776","0.0167911253","0.4965037808","0.6139014906"
"93","7374.9361298","0.149","3.7270133925","5.0202941601","0.0705057217","0.187","0.367","8.9","0.254","0.5407563394","0.1689691569","0.08","229.5","16.526529429","0.0730559149","0.0005808888","0.0004620672","0.0011551679","2688","0.45","0.51","0.9183596215","0.6096631424","0.0241651284","0.108","3.3751083893","0.2222362762","13.069997096","66.236034748","8.5","0","0.0633140376","0.8445730483","0.347","77.916383782","379.84687619","37.992810591","","0.109","0.164","0.094","51.8","0.089","0.0121485947","14.595415094","0.347","0.0824293927","0.0508371754","0.0005198256","0.9103579176","","3.120370057","3.181707174","0.0190161708","1208.7803333","0.6572610688","72448","","0.2718531469","","0.2455140239","4.6511627907","","9.3286367089","7.620074794","13.476124098","11.081081081","0.6762711864","0.768","38.408525571","0.8123824678","0.0737765878","0.8797193693","34627","0.2273370491","0.1942703671","0.0060357524","0.0040430878","0.0053715309","0.0003754296","0.0259623993","0.945100644","0.0007756989","0.4955670431","0.6908543184"
